match_name,decision,note
A 2 Z Express Services,no logo: individual or small local firm,
AAL Group,no logo: individual or small local firm,
ABB,source,
ABC,ask Will,Lebanese department store
AC,no logo: individual or small local firm,
ACCL International,no logo: individual or small local firm,
ACE Insurance Brokers,no logo: individual or small local firm,
ADDC,alias added,taqa.png
AES Electric,source,AES
AGIP,alias added,eni.png
AIS-R,no logo: individual or small local firm,
AL-TAWAIL Management Consulting & Training,no logo: individual or small local firm,
AMICO,ask Will,Saudi medical supplies firm
AMIT International,no logo: individual or small local firm,
ANDS Middle East,no logo: individual or small local firm,
APEC Training Center,no logo: individual or small local firm,
ASAAS,no logo: individual or small local firm,
Abdulkadir Al Muhaidib and Sons company,source,
Abeer Khamis Al Balushi,no logo: individual or small local firm,
Abraj Energy Services (ABRAJ),source,
Abu Dhabi Airports,source,
Abu Dhabi Council of Economic Development,ask Will,abolished Abu Dhabi body
Abu Dhabi Department of Community Development (DCD),source,
Abu Dhabi Department of Economic Development (DED),source,
Abu Dhabi Department of Energy,source,
Abu Dhabi Department of Finance,source,
Abu Dhabi Department of Urban Planning and Municipalities,alias added,abu-dhabi-dmt.png
Abu Dhabi Early Childhood Authority (ECA),source,
Abu Dhabi Education Council (ADEC),source,successor ADEK
"Abu Dhabi Education, Human Development and Community Development Council (EHCD)",source,
Abu Dhabi Executive Office,source,
Abu Dhabi General Secretariat of the Executive Council,source,
Abu Dhabi Motorsport Management,ask Will,now part of Ethara
Abu Dhabi Retirement Pensions and Benefits Fund,source,
Abu Dhabi Sports Council,source,
Abu Dhabi Systems and Information Center,ask Will,merged into Abu Dhabi digital government
Abu Dhabi Transmission & Despatch Company,alias added,taqa.png
Abu Dhabi University,source,
Acr,no logo: individual or small local firm,
Act center,no logo: individual or small local firm,
Action PR,no logo: individual or small local firm,
ActionAid,source,
Active PR,no logo: individual or small local firm,
AdVoice,no logo: individual or small local firm,
Adaa,source,
Adalid PR,no logo: individual or small local firm,
Adam Smith International,source,
Adamawa State Government,source,
Advising Families Across Generations (STEP),source,
Aerospace Holding,ask Will,"UAE, which company is unclear"
Afghanistan Civilian Technical Assistance Programme (CTAP),ask Will,programme
Afghanistan Government Media and Information Center (GMIC),ask Will,pre-2021 government
Afghanistan Independent Election Commission (IEC),ask Will,pre-2021 government
Afghanistan Ministry of Finance,ask Will,pre-2021 government
"Afghanistan Ministry of Labor, Social Affairs, Martyrs and Disabled",ask Will,pre-2021 government
Afghanistan National Assembly Upper House,ask Will,"pre-2021 government, dissolved"
Africa Communications,no logo: individual or small local firm,
African Field Epidemiology Network (AFENET),source,
Aftabnet Communication Group,no logo: individual or small local firm,
Aga Khan Development Network (AKDN),source,
Agencja Track Marek Dabrowski,no logo: individual or small local firm,
Agile Solutions,no logo: individual or small local firm,
Ahmed Saleh,no logo: individual or small local firm,
Air Astana,source,
Air Liquide,source,
Air Partner,source,
Airport International Group,source,
Ajman Public Transport Corporation,source,
Ajman Tourism Development Department,source,
Ajman University of Science and Technology,source,
Akcea Therapeutics UK,no logo: brand no longer trades,bought by Ionis
Akkök Holding,source,
Akron Trade and Transport,no logo: individual or small local firm,
Al Ain Holding,ask Will,UAE holding company
Al Ain Properties,no logo: individual or small local firm,
Al Ansari Advantage,no logo: individual or small local firm,
Al Arabi Travel Agency,no logo: individual or small local firm,
Al Fahim,source,
Al Fakher Tobacco Factory,source,
Al Hamar Gulf Est,no logo: individual or small local firm,
Al Hanoof Khalid Al Hazaani,no logo: individual or small local firm,
Al Hosn Gas,ask Will,ADNOC joint venture: own logo or ADNOC?
Al Jalila Children's Speciality Hospital,source,
Al Jamiaa Medical Center,no logo: individual or small local firm,
Al Jazeera,source,
Al Maabar International,no logo: individual or small local firm,
Al Manal Dental Clinic,no logo: individual or small local firm,
Al Marjan Island,source,
Al Mizhar American Academy,ask Will,Dubai school
Al Shaali Group,no logo: individual or small local firm,
Al Sulaimi Group,no logo: individual or small local firm,
Al Tamimi & Company,source,
Al Tayer Group,source,
Al Turki Group,ask Will,Saudi group
Al Watania for Industries,ask Will,Saudi industrial group
Al-Ahli Bank of Kuwait,source,
Al-Mahalliyya Public Affairs,no logo: individual or small local firm,
AlGhalia Holding B S C C,no logo: individual or small local firm,
AlUla Development Company,ask Will,Saudi developer
Alameda Healthcare,ask Will,Egyptian hospital group
Alembic,no logo: individual or small local firm,
Alessia Couture,no logo: individual or small local firm,
Ali & Sons,source,
Ali Bin Ali Group,source,
Alkhabeer Capital,ask Will,Saudi asset manager
Alreemah Realestate Dev.,no logo: individual or small local firm,
Alsayer Group,source,
Altrad,source,
Amcor,source,
Amelia Gundersen-Herman,no logo: individual or small local firm,
American Chamber of Commerce in Belgium,source,
American Chamber of Commerce to the EU,source,
American Hospital Dubai,source,
American University of Culture and Education,no logo: individual or small local firm,
Amfori,source,
Amnesty International,source,
Amonlreizod Nig,no logo: individual or small local firm,
Amrani Consulting Group,no logo: individual or small local firm,
Andritz,source,
Angolan Embassy,ask Will,Angola government
Apoyo al Desarrollo Mexicano,no logo: individual or small local firm,
Arab Petroleum Investments Corporation (APICORP),source,
Arabian Anti-Piracy Alliance,no logo: individual or small local firm,
Arabian Drilling Company,source,
Arena Italia SPA,source,arena
Ares Trading,ask Will,Merck KGaA's Swiss unit
Argaam,source,
Argent Foods,no logo: individual or small local firm,
Artelier Lifestyle,no logo: individual or small local firm,
Aspiriti,no logo: individual or small local firm,
Association of Serbian Banks,ask Will,trade body
Association of University Directors of Estates (AUDE),source,
Astrea Academy Trust,ask Will,UK school trust
Atelier Luxury Gulf,no logo: individual or small local firm,
Atheeb Group,ask Will,Saudi group
Atlantic Energy Drilling Concept Nigeria,no logo: individual or small local firm,
Atlantis the Palm,source,
Atradius,source,
Audiotech,no logo: individual or small local firm,
Aurora Advertising,no logo: individual or small local firm,
Australian High Commission UK,source,Australian Government
Automotive and Machinery Trading Centre,no logo: individual or small local firm,
Avaya,source,
Averroes Business Advisory and Services,no logo: individual or small local firm,
Avira,no logo: individual or small local firm,
Awal IT Services,no logo: individual or small local firm,
Awqaf Investment Company,no logo: individual or small local firm,
Azerfon,source,Nar (not Azercell)
Azuka Eluchie,no logo: individual or small local firm,
B. Braun,source,
B.C. Office of the Human Rights Commissioner,ask Will,Canadian provincial office
B.T.Red International,no logo: individual or small local firm,
BAA Heathrow,source,Heathrow (current mark)
BEEAH,source,Sharjah BEEAH
BESST,no logo: individual or small local firm,
BG Tanzania,no logo: brand no longer trades,"BG Group, bought by Shell"
BIPA,source,
BOC,source,
BPG Cohn & Wolfe,ask Will,WPP Gulf agency
BSA Ahmad Bin Hezeem & Associates,source,
BUZ,no logo: individual or small local firm,
BVBA Cogent,no logo: individual or small local firm,
Badak NGL,ask Will,Indonesian LNG plant
Badr Saud Salam,no logo: individual or small local firm,
Bahrain Chamber of Commerce and Industry,source,
Bahrain Court of the Crown Prince,source,
Bahrain Economic Development Board (EDB),source,
Bahrain Education and Training Quality Authority (BQA),source,
Bahrain GHQ Defense Force,source,
Bahrain National Holding,ask Will,Bahrain insurer
Bahrain Quality Assurance Authority for Education and Training,source,current mark BQA
Baitau Partners,no logo: individual or small local firm,
Banaja Holdings,no logo: individual or small local firm,
Banawi Industrial Group,no logo: individual or small local firm,
Bank al Etihad,source,
Bank of America,source,
Bard,no logo: brand no longer trades,bought by BD
BaseN Corporation,no logo: individual or small local firm,
Bates Pan Gulf,no logo: brand no longer trades,"WPP agency, brand retired"
Baxter Healthcare,source,
Bayanat Airports Engineering and Supplies,no logo: individual or small local firm,
Bazaarvoice,source,
Belhasa Recruitment Services,no logo: individual or small local firm,
Bell Pottinger Middle East,no logo: brand no longer trades,collapsed 2017
Bellenden,no logo: individual or small local firm,
Benmar,no logo: individual or small local firm,
Benue State House of Assembly,no logo: individual or small local firm,
Berryworld Ltd T/A Berryworld Group,ask Will,"UK berry grower, mid-sized"
Bin Farooq,no logo: individual or small local firm,
Bios ME,no logo: individual or small local firm,
BirdLife Europe,source,
Bishtar az yek,no logo: individual or small local firm,
Blevins Franks Financial Management,ask Will,expat tax adviser
Blue Tangerine Marketing Management,no logo: individual or small local firm,
Bokhtar Operating Company,no logo: individual or small local firm,
BookingSuite,no logo: brand no longer trades,folded into Booking.com
Bost (Ghana),source,
Botswana Public Officers Pension Fund,source,
Breast International Group (BIG),source,
Bridgeworld Communications Company,no logo: individual or small local firm,
Brinks Integrated,no logo: individual or small local firm,
British Association of Dermatologists,source,
British College of Osteopathic Medicine,ask Will,UK college
British Lung Foundation,source,successor Asthma + Lung UK
Bruegel,source,
Brunei Civil Service Institute,ask Will,Brunei government
Bubez Plaiz,no logo: individual or small local firm,
Bulgaria Council of Ministers,source,
Bunduq,ask Will,Abu Dhabi offshore oil company
Bureau International des Expositions (BIE),source,
Bureau Telecommunications and Post St Maarten,ask Will,St Maarten regulator
Burson-Marsteller,no logo: brand no longer trades,merged into Burson
Business Incubators and Accelerators Company,ask Will,Saudi company
C&C Alpha Group,no logo: individual or small local firm,
CA IB,no logo: individual or small local firm,
CBPR,no logo: individual or small local firm,
CCT Services,no logo: individual or small local firm,
CDCOM,no logo: individual or small local firm,
CEC Consulting,no logo: individual or small local firm,
CGI (Philippines),source,CGI
CITC,source,current mark CST
CMK Mammoth Gulf,no logo: individual or small local firm,
CNOOC,source,CNOOC
CPP Investment Board,source,
CSR Partnership,no logo: individual or small local firm,
Cairn India,ask Will,merged into Vedanta
Calgary Foundation,ask Will,Canadian community foundation
Cambridge Consultants,source,
Camfil,source,
Canadian Business Council,ask Will,which council is unclear
Canadian Embassy Croatia,ask Will,Canada government
Canyon Ranch Spa Club,source,Canyon Ranch
Capability Development Company,no logo: individual or small local firm,
Capital Club,ask Will,Dubai business club
Capital MSL,no logo: individual or small local firm,
Capital Market Advisory Council,ask Will,"Rwanda, now Capital Market Authority"
Capital Markets Authority Kenya,source,
Cardinal Marine Experts (LLC),no logo: individual or small local firm,
Caritas,source,
Carrier to Carrier Telecom,no logo: individual or small local firm,
Cartesian,ask Will,UK telecoms consultancy
Caspian Training Group,no logo: individual or small local firm,
Catholic Relief Services,source,
Ccf,no logo: individual or small local firm,
Central Arriyadh Development Company (CADC),ask Will,Riyadh developer
Central Bank of Kenya,source,
Central Bank of Oman,source,
Central Bank of the Bahamas,source,
Centre Hospitalier Emile Mayrisch,ask Will,Luxembourg hospital
Centre Stage Arts,no logo: individual or small local firm,
"Centre for Solid Minerals Research and Development, Kaduna Polytechnic",no logo: individual or small local firm,
Chalhoub Group,source,
Charcoalblue,ask Will,theatre consultancy
Charles Obeng-Sarpong,no logo: individual or small local firm,
Chartered Institute of Legal Executives,source,
Chartered Institution of Building Services Engineers (CIBSE),alias added,cibse.png
Chelsea Pensioner (RH),source,Royal Hospital Chelsea
Chiesi Group,source,
Cicero & Bernay Public Relations,no logo: individual or small local firm,
Cicero Consulting,ask Will,UK public affairs firm
Cigna International Health Services,source,Cigna
Cimabel,no logo: individual or small local firm,
Citadele Banka,source,
CitiBusiness,source,parent Citi
Citruss TV,ask Will,UAE shopping channel
City FM 105.1,no logo: individual or small local firm,
City University of London,source,"successor City St George's, University of London"
City of London Corporation,source,
City of San Francisco Department of the Environment,source,
City of Sioux Falls,ask Will,US city
Civil Aviation Authority of Zimbabwe,source,
Claire'z Marketing and PR Agency,no logo: individual or small local firm,
Clarksons,source,
Clerkenwell Partners,no logo: individual or small local firm,
Cleveland Clinic,alias added,cleveland-clinic-abu-dhabi.png
Cleveland Clinic Foundation,source,Cleveland Clinic
Climate Action Europe,ask Will,name unclear (CAN Europe?)
Clinton Street Baking Company,no logo: individual or small local firm,
College of the North Atlantic,ask Will,now University of Doha for Science and Technology
Commercial Agriculture Development Office,no logo: individual or small local firm,
Commercial Bank of Dubai,source,
Communication ON,no logo: individual or small local firm,
Communication and Information Technology Commission (CITC),source,current mark CST
Communications Commission of Kenya,source,current mark Communications Authority of Kenya
Complete International Company,no logo: individual or small local firm,
Comprehensive Agriculture and Rural Development,no logo: individual or small local firm,
Concorde El Salam Hotels,ask Will,Egyptian hotel group
Construction Safety UK,no logo: individual or small local firm,
Continental,source,
Conversis,no logo: individual or small local firm,
Corlido,no logo: individual or small local firm,
Covenant Christian Centre,no logo: individual or small local firm,
Creative Business Management Romania,no logo: individual or small local firm,
Crest Technologies,no logo: individual or small local firm,
Cristal,no logo: brand no longer trades,bought by Tronox
Crystal Communications,no logo: individual or small local firm,
Crystal Fountains,no logo: individual or small local firm,
Cyber NG,no logo: individual or small local firm,
Cybertill,ask Will,UK retail software firm
Czech Agriculture and Food Inspection Authority,ask Will,Czech regulator
Cécile Philippo,no logo: individual or small local firm,
D&V Creations,no logo: individual or small local firm,
DAI,source,
DECIEM,source,
DEWA,source,
DFE Pharma,source,
DGSA Partners,no logo: individual or small local firm,
DHAM FZ,no logo: individual or small local firm,
DHR Communication,no logo: individual or small local firm,
DIFC Courts,ask Will,own logo or DIFC?
DIGITALEUROPE,source,
DLSM,no logo: individual or small local firm,
DMCC,source,
DMG Events,source,
DOOR International,no logo: individual or small local firm,
DSC Decision Support Center,ask Will,same body as above
DSM Sinochem Pharmaceuticals (DSP),source,current mark Centrient
DSOA,source,Dubai Silicon Oasis
DUCAB,source,
DUQM Refinery,source,current mark OQ8
Daarsat Children's Channels,no logo: individual or small local firm,
Daleel Petroleum,ask Will,Oman oil producer
Damas,source,
Damu JSC Entrepreneurship Development Fund,ask Will,Kazakh government fund
Dana Gas,source,
Danish Embassy UK,ask Will,Denmark government
Dar Abdullah Real Estate Company,no logo: individual or small local firm,
Dar Al-Hekma University,source,
Dar al Omran,no logo: individual or small local firm,
DeLaval International,source,
Debiopharm,source,
Debra,source,
Decision Support Centre (DSC),ask Will,Saudi royal court centre
Dedrone,source,
Delivery Hero,source,
Delta Partners,source,
Department for International Development (DFID),alias added,fcdo.png
Department of Petroleum Resources,ask Will,"Nigeria, merged into NUPRC"
Deutsche Post,source,
Dhahran British Grammar School International Schools Group,ask Will,ISG schools
Diamond Light Source,source,
Dirco,source,
Directors UK,source,
Diriyah Gate Development Authority,source,current mark Diriyah Company
Discovery Communications Europe,ask Will,now Warner Bros. Discovery
Dogs Trust,source,
Doha International Airport,source,successor Hamad International Airport
Dolphin Energy,source,
Drydocks World,alias added,dp-world.png
Dubai Air Navigation Services (DANS),source,
Dubai Airports,source,
Dubai Aviation Engineering Projects,ask Will,Dubai government airport projects body
Dubai Cares,source,
Dubai Community Development Authority,source,
Dubai Customs,source,
Dubai Data and Statistics Establishment,source,
Dubai Department of Economic Development (DED),source,successor Dubai Department of Economy and Tourism
Dubai Department of Tourism and Commerce Marketing,source,successor Dubai Department of Economy and Tourism
Dubai Executive Council,source,
Dubai Festival City Shopping Centres Hotels,alias added,al-futtaim.png
Dubai Financial Services Authority (DFSA),source,
Dubai Holding,source,
Dubai International Arbitration Centre (DIAC),source,
Dubai Knowledge Village,alias added,tecom.png
Dubai Ladies Club,ask Will,Dubai club
Dubai Legal Affairs Department,source,
Dubai Multi Commodities Centre,source,DMCC
Dubai Petroleum Establishment,source,
Dubai SME,source,
Dubai Silicon Oasis Authority,source,Dubai Silicon Oasis
Dunya Travel,no logo: individual or small local firm,
Dutch Embassy Romania,ask Will,Netherlands government
EC Harris,no logo: brand no longer trades,bought by Arcadis
EDB Bahrain,source,
EHL,source,
EIF Executive Secretariat at the WTO,ask Will,WTO trade programme
EITI Tanzania Secretariat,ask Will,national EITI office
ELEXON,source,
EMPOWER,source,
EPFL P-Mediacom,source,EPFL
EQUATE Petrochemical Company,source,
ERCA,ask Will,"Saudi, which body is unclear"
ERTICO-ITS Europe,source,
EU Mission to Bosnia,alias added,eeas.png
EUPOL COPPS,alias added,eeas.png
EUROCITIES,source,
Easa Saleh Al Gurg Group,source,
Ecobank,source,
Ecobrand,no logo: individual or small local firm,
Ecocube,no logo: individual or small local firm,
Economic Commission for Africa,alias added,united-nations.png
Education For Employment-Jordan,ask Will,Jordan branch of EFE
Ejadah Asset Management Group,no logo: individual or small local firm,
El-Khayyat Ceramics,no logo: individual or small local firm,
Electricity Company of Ghana,source,
Electronics for Imaging,source,
Elfin Consulting,no logo: individual or small local firm,
Elite Business Services,no logo: individual or small local firm,
Emerald Energy Resources,no logo: individual or small local firm,
Emirates Competitiveness Council (ECC),no logo: brand no longer trades,"UAE body, closed"
Emirates Diplomatic Academy,source,current mark Anwar Gargash Diplomatic Academy
Emirates Foundation,source,
Emirates Transport,source,
Emma-Jane Martin,no logo: individual or small local firm,
Endava (UK),source,
Eneco UK,source,
Enel,source,
Energiebedrijven Suriname,alias added,ebs-suriname.png
Enginegroup,ask Will,UK marketing group
Enterprise Estonia,source,
Envirowise,no logo: brand no longer trades,"UK programme, closed"
Ep,no logo: individual or small local firm,
Eskanbank,no logo: individual or small local firm,
Estuary Housing Association,no logo: individual or small local firm,
Ethara,source,
Etihad Airways,source,
Eu-LISA,source,
Euler Hermes,alias added,allianz.png
Eurail Group G.I.E.,source,
Euro RSCG Dubai,source,current mark Havas
Eurofighter,source,
European Aluminium Association,source,
European Banking Authority (EBA),source,
European Centre for Development Policy Management,source,
European Centre for the Development of Vocational Training (Cedefop),source,
European Chemicals Agency (ECHA),source,
European Committee of the Regions (CoR),source,
European Council on Refugees and Exiles (ECRE),source,
European Housing Association,no logo: individual or small local firm,
European Investment Bank,source,
European Lamp Companies Federation (ELC),ask Will,now LightingEurope
European Petrochemical Association (EPCA),source,
European Regions Research and Innovation Network (ERRIN),source,
European Union Agency for Cybersecurity (ENISA),source,
European Union Drugs Agency (EUDA),source,
European Union Institute for Security Studies (EUISS),source,
Eventex,no logo: individual or small local firm,
Eventful,no logo: individual or small local firm,
Evoke MEA FZ,no logo: individual or small local firm,
Excellence Business Solutions Company for Business Services,no logo: individual or small local firm,
Explorer Publishing & Distribution,no logo: individual or small local firm,
Expressions Arabia Language Institute,no logo: individual or small local firm,
ExtraCake P.R.A,no logo: individual or small local firm,
ExxonMobil,source,
Eyezone Institute for Opticianry,no logo: individual or small local firm,
F&E Aerospace,ask Will,Dubai aircraft interiors firm
FDA Image & Etiquette,no logo: individual or small local firm,
FEEL,no logo: individual or small local firm,
FLAPP,no logo: individual or small local firm,
FMDQ OTC Securities Exchange,source,
Falcon and Associates,ask Will,Dubai government investment arm
Falcor Engineering and Contracting Services,no logo: individual or small local firm,
Famfa Oil,ask Will,Nigerian oil company
Family Business Council Gulf,ask Will,Gulf members' body
"Farouk, Maamoun Mohammed Said Tamer Industries Holding",ask Will,Saudi Tamer group
Federal University of Technology Akure,source,
Feedzai,source,
Ferrexpo Yeristovo Mining,source,Ferrexpo
Fiad,no logo: individual or small local firm,
Fidelity Bank of Ghana,source,
Fileminders,no logo: individual or small local firm,
Finland Economic Information Office (Finnfacts),ask Will,Finnish business information office
Fireeye International,no logo: brand no longer trades,now Trellix
First Bank of Nigeria,source,
First Gulf Bank,source,successor First Abu Dhabi Bank
Fitesa,ask Will,nonwovens maker
Flexport Group,source,
FocusDirect,no logo: individual or small local firm,
Foreign Trade Association,source,renamed amfori
Fortum,source,
Forum Tours Travel and Events,no logo: individual or small local firm,
Foundation for Partnership Initiatives in the Niger Delta (PIND),ask Will,Nigerian foundation
Free Zones Authority of Ajman,source,Ajman Free Zone
Freelance,no logo: individual or small local firm,
Fundament Capital Investment Management,no logo: individual or small local firm,
Fusion For Energy,source,
GARMCO,source,
GASAL,ask Will,Qatar industrial gases company
GDC Middle East,no logo: individual or small local firm,
GEMS World Academy,alias added,gems-education.png
GFH Financial Group,source,
GRID-Arendal,source,
GRS,ask Will,"UK, which firm is unclear"
GTI Fujairah,no logo: individual or small local firm,
Gabor Petroczi-Farkas,no logo: individual or small local firm,
Gatsby Charitable Foundation,source,
Gazprom Neft Middle East,source,Gazprom Neft
Gemalto Arabia Company,no logo: brand no longer trades,bought by Thales
General Organization for Social Insurance (GOSI),source,
Generations for Peace,source,
Genzyme,no logo: brand no longer trades,folded into Sanofi
George Bateman & Son,ask Will,UK brewer
Georgia International Education Center,no logo: individual or small local firm,
Germanos Telecom,ask Will,"Greek phone retailer, since absorbed"
Getin Bank,no logo: brand no longer trades,now VeloBank
Ghana Chamber of Mines,source,
Ghana Energy Commission,source,
Ghana National Petroleum Corporation,source,
Ghana Public Utilities Regulatory Commission,source,
Ghana Volta River Authority,source,
Glaenergy,no logo: individual or small local firm,
Global Advocates and Legal Consultants,no logo: individual or small local firm,
Global Biodiversity Information Facility (GBIF),source,
Global Development Group,no logo: individual or small local firm,
Global Geophysical Services,ask Will,seismic services firm
Global Touch Management & Consultancy,no logo: individual or small local firm,
Goodyear,source,
Government House Press Unit,no logo: individual or small local firm,
Government of Thailand,source,
Graphitech,no logo: individual or small local firm,
Green Party of Ireland,source,
Group Five,source,
GroupCentury,no logo: individual or small local firm,
GuarantCo Management Company,ask Will,infrastructure guarantee fund
Guerbet,source,
Guernsey Office of the Data Protection Commissioner,ask Will,Guernsey regulator
Gul-E-Zehra Abbas,no logo: individual or small local firm,
Gulf Business Network Training Center (GBNTC),no logo: individual or small local firm,
Gulf Catering Company for General Trade and Contracting,no logo: individual or small local firm,
Gulf Finance House,source,GFH
Gulf Medical Company,ask Will,Saudi medical firm
Gulf Petrochemicals and Chemicals Association (GPCA),source,
GulfDrug,ask Will,UAE pharmaceutical distributor
Gw Pharmaceuticals,no logo: brand no longer trades,bought by Jazz Pharmaceuticals
HES-SO Valais-Wallis,source,
HKA,source,
HMR Environmental Engineering Consultants,no logo: individual or small local firm,
HRA Pharma UK & Ireland,ask Will,bought by Perrigo
HYCM,ask Will,trading broker
Hachette,alias added,hachette-uk.png
Hamad International Airport,source,
Hamilton First and Training,no logo: individual or small local firm,
Hamled,no logo: individual or small local firm,
Hanover Communications Middle East,source,
Harakat-Afghanistan Investment Climate Facility Organization,no logo: individual or small local firm,
Harman International Romania,source,Harman
Hay Group,no logo: brand no longer trades,bought by Korn Ferry (your earlier ruling)
Haya Cultural Center,ask Will,Amman children's cultural centre
Haya Water,alias added,nama.png
Headquarters Nigerian Air Force,source,
Heads of Communication and Information Network (HCIN),no logo: individual or small local firm,
Hellenic Telecomms & Post Comm,source,
Hemsley Fraser,source,
Higher Colleges of Technology UAE,source,
Hitachi Energy Holdings,source,
Hospira,no logo: brand no longer trades,bought by Pfizer
House PR,no logo: individual or small local firm,
House of Representatives Thailand,source,
IAPB,source,
"IDH, The Sustainable Trade Initiative",source,
IEC,source,
IFT,no logo: individual or small local firm,
IMO,ask Will,"Saudi, which organisation is unclear"
INDEVCO,ask Will,Lebanese industrial group
INTERACT ENPI,no logo: individual or small local firm,
INTERREG IVC,ask Will,EU programme
IOTA Nigeria,no logo: individual or small local firm,
ITP Media Group,source,
Idama Facilities Management Solutions,ask Will,UAE facilities firm
Imperial College Healthcare Charity,ask Will,UK hospital charity
Independent Evaluation,no logo: individual or small local firm,
Index on Censorship,source,
Industrialization & Energy Services Company (TAQA),source,"Saudi TAQA, not Abu Dhabi TAQA"
Information Resources (UK),no logo: brand no longer trades,"IRI, now Circana"
Information Technology Industry Development Agency,source,
Ingersoll Rand,source,
Initiatives and Missions affairs office,no logo: individual or small local firm,
Injazat,source,
Instarmac Group,no logo: individual or small local firm,
Institut Perkhidmatan Awam,source,INTAN
Instruct-ERIC,ask Will,EU research infrastructure
Integra International,no logo: individual or small local firm,
Integrated Telecom Company,ask Will,Saudi telecom (Salam)
Intelligent Interactive,no logo: individual or small local firm,
Inter-University Council for East Africa (IUCEA),source,
Intermark Network,no logo: individual or small local firm,
Intermass Engineering & Contracting,no logo: individual or small local firm,
International Centre for Training and Development,no logo: individual or small local firm,
International Chamber of Commerce,source,
International Criminal Court (ICC),source,
International Dairy Association,ask Will,"Belgium, which body is unclear"
International Development Law Organization,source,
International Federation of Library Associations and Institutions,source,
International Federation or Pharmaceutical Manufacturers and Association,source,IFPMA
International Fund for Houbara Conservation,source,
International Iron and Steel Institute (IISI),source,current mark worldsteel
International Public Relations Association (IPRA),source,
International Relations Centre (IRC) Georgia,no logo: individual or small local firm,
International School of Amsterdam,ask Will,school
International Seed Federation (ISF),source,
International Systems Engineering,no logo: individual or small local firm,
Invacare UK,source,
Invest AD,source,
Ireland Department of Justice,source,
Irena,source,
Ivoclar Vivadent Marketing,source,Ivoclar
J. Walter Thompson MENA,no logo: brand no longer trades,merged into VML
J.A. Demars,no logo: individual or small local firm,
JMS Yachting,no logo: individual or small local firm,
JP Communications,no logo: individual or small local firm,
Janus Continental Group (JCG),no logo: individual or small local firm,
Jeddah Airport Company (JEDCO),ask Will,Jeddah airport operator
Jeddah Chamber of Commerce and Industry,source,
Jenni Perry Communications Trainer and Consultant,no logo: individual or small local firm,
Jessica Robertson Unity resources,no logo: individual or small local firm,
Jetstar Airways Pty,source,
Jim Roberts Consulting,no logo: individual or small local firm,
Jobsite UK Worldwide,ask Will,"UK job board, since folded into Totaljobs"
Joint Allocation Office (JAO),ask Will,European power auction office
Jones-Mensah & Co,no logo: individual or small local firm,
Jordan Executive Privatization Commission,no logo: brand no longer trades,closed
Jordan Office of Her Majesty Queen Rania Al Abdullah,ask Will,own logo or Royal Hashemite Court?
Jordan River Foundation,source,
Judicial Service of Ghana,source,
Juma Abdulla Alhaj Alali,no logo: individual or small local firm,
Jusoor Charity Foundation,no logo: individual or small local firm,
Just BA,no logo: individual or small local firm,
Justice Institute of British Columbia,source,
KAHRAMAA,source,
KANCOR,no logo: individual or small local firm,
KAPSARC,source,
KIMEP University,source,
KOSTT,source,
KPI,alias added,kuwait-petroleum-international.png
Kaduna State Water Corporations,no logo: individual or small local firm,
Kafaat Business Solutions,no logo: individual or small local firm,
Karachaganak Petroleum Operating (KPO),source,
Kelkoo,ask Will,shopping comparison site
Kentz,no logo: brand no longer trades,bought by SNC-Lavalin
Kenya Airports Authority,source,
Kenya ICT Authority (ICTA),source,
Kenya Insurance Regulatory Authority,source,
Kenya Office of the Director of Public Prosecutions,source,
Kenya Power and Lighting Company,source,
Kenya Roads Board,source,
Kenya Vision 2030 Delivery Secretariat,source,
Key Partners Group,no logo: individual or small local firm,
Kforum,no logo: individual or small local firm,
Khalifa Bin Zayed Al Awal School (KBZA),no logo: individual or small local firm,
Khushhalibank,ask Will,Pakistani microfinance bank
Kids company,no logo: brand no longer trades,closed 2015
King Abdullah Port,source,
King Fahad Specialist Hospital,source,
King Fahd University of Petroleum and Minerals,source,
King Faisal Foundation,source,
King Faisal Medical City,source,
King Khalid Foundation,source,
Kingdom Holding Company KSA,source,
Kingvor Services,no logo: individual or small local firm,
Kinondoni Municipal Council,no logo: individual or small local firm,
Kisii County Government,ask Will,Kenyan county
Knowledge Pool,no logo: individual or small local firm,
Kode Shop Alicante 2004,no logo: individual or small local firm,
Kommunikationsforum,no logo: individual or small local firm,
Kraft,ask Will,"Kraft Heinz or Mondelez, unclear"
Kristina Fidelskaya FZ,no logo: individual or small local firm,
Kudelski Group,source,
Kuehne + Nagel Eastern Europe,source,
Kuwait Anti-Corruption Authority,source,
Kuwait Capital Market Authority,source,
Kuwait Energy Company,ask Will,"Kuwait oil company, bought by UEG"
Kuwait Foundation for the Advancement of Sciences (KFAS),source,
Kuwait International Bank,source,
Kuwait National Fund for Small and Medium Enterprise Development,source,
Kuwait Small Projects Development Company,no logo: individual or small local firm,
Kuźnia PR,no logo: individual or small local firm,
L&T Electrical & Automation,no logo: brand no longer trades,bought by Schneider Electric
LADOL,ask Will,Lagos logistics base
LAPFUND,source,
LEKOIL,ask Will,Nigerian oil company
LEO Pharma,source,
LGT Vestra,ask Will,now LGT Wealth Management
Ladi Ajose-Adeogun & Co.,no logo: individual or small local firm,
Lagos State Wastewater Management Office,no logo: individual or small local firm,
Landmark Group,source,
Landmark PR & Events,no logo: individual or small local firm,
Laureate Vocational Saudi Arabia,no logo: individual or small local firm,
Law Business Research,ask Will,UK legal publisher
Lead Contracting & Trading,no logo: individual or small local firm,
Legal Services Board,source,
Legatum,source,
Lex Data Consulting,no logo: individual or small local firm,
Liberia Medicines and Health Product Regulatory Authority,source,
Libya National Oil Corporation,source,
Lifera,source,
Lightblue,no logo: individual or small local firm,
Limpopo Econmic Development agency,ask Will,South African provincial agency
Litmus MR,no logo: individual or small local firm,
Lockton,source,
London Business School,source,
Louvre Hotels Group,source,
LuLu Center,source,LuLu Group
Luxury Tour Travel and Tourism,no logo: individual or small local firm,
Lygature,ask Will,Dutch health research body
MAN,alias added,man.png
MB Holding Company,ask Will,Oman oil and mining group
MBNL,ask Will,UK mobile network joint venture
MCG,no logo: individual or small local firm,
MCI,source,
MCS Holding,ask Will,Mongolian group
MCT FZE Chaloub Group,source,Chalhoub Group
MCTS Chabowski Consultants,no logo: individual or small local firm,
MDZ Swiss Dentaprime,no logo: individual or small local firm,
MEBS International,no logo: individual or small local firm,
MEC,no logo: brand no longer trades,merged into Wavemaker
MENA Energy,no logo: individual or small local firm,
MHPS Europe,alias added,mitsubishi.png
MISC Berhad,source,
MMG Eventz FZ,no logo: individual or small local firm,
MOLSAMD,ask Will,same ministry as above
MOPA,ask Will,"Mozambique, name unclear"
MPR Public Relations and Marketing Communications Consultancy,no logo: individual or small local firm,
MRS Oil & Gas,ask Will,Nigerian oil company
MS & RYB,no logo: individual or small local firm,
MV Consulting,no logo: individual or small local firm,
Mabanee Company K.P.S.C,source,
MacPaw,source,
Maersk,source,Maersk
Maestro Capital,no logo: individual or small local firm,
Magilatech Middle East,no logo: individual or small local firm,
Maha AlMezaina,no logo: individual or small local firm,
Maitland Central Services,ask Will,Isle of Man fiduciary firm
Majis Industrial Services,ask Will,Sohar water company
Makib Ventures Consulting,no logo: individual or small local firm,
Maldives Pension Administration Office,source,
Management Sciences for Health,source,
Manchester Mental Health and Social Care Trust,ask Will,"NHS trust, since merged"
ManpowerGroup Middle East,source,ManpowerGroup
Mar ITC,no logo: individual or small local firm,
Marianne Rees-Hawkins,no logo: individual or small local firm,
Marigot,no logo: individual or small local firm,
Marine Core & Charter,no logo: individual or small local firm,
Maritime Boundary Office,ask Will,Timor-Leste government office
Maritime Construction Services,no logo: individual or small local firm,
Mashael Abdullah AlRezouq,no logo: individual or small local firm,
McAndrews,no logo: individual or small local firm,
Media Circle,no logo: individual or small local firm,
MediaQuest,ask Will,UAE media group
Mediacraft Associates,no logo: individual or small local firm,
Medicines for Malaria Venture,source,
Meirc Training and Consulting,source,
Meraas,ask Will,Dubai Holding unit: own logo or Dubai Holding?
Mercator,ask Will,"UAE, which firm is unclear"
Mercedes-Benz,alias added,"mercedes-benz-daimler.png, mercedes-benz-star.png"
Merchant Navy Pensions Administration (MNPA),no logo: individual or small local firm,
Mercieca,no logo: individual or small local firm,
Meshbak,no logo: individual or small local firm,
Metro Jeddah,ask Will,Jeddah metro company
Micronesia Petroleum Corporation,no logo: individual or small local firm,
Microtel,no logo: individual or small local firm,
Middle East Glass Manufacturing Company S.A.E,no logo: individual or small local firm,
Middle East Public Relations Association (MEPRA),source,
Midwestern Oil and Gas Company,no logo: individual or small local firm,
Ministry of Finance and Economic Development for Hirshabelle State of Somalia,no logo: individual or small local firm,
Mishkat Interactive Center,no logo: individual or small local firm,
Misk Foundation,source,
Mobitrans,no logo: individual or small local firm,
Mohamed Suhail Al Muharrami,no logo: individual or small local firm,
Mohamed Yousuf Naghi & Brothers Group,ask Will,Saudi trading group
MonaLuxe,no logo: individual or small local firm,
Morningstar UK,source,
Mozal,ask Will,South32 aluminium smelter: own logo or South32?
Mphanda Nkuwa Hydroelectric Project Implementation Office,no logo: individual or small local firm,
Mrs. Ilona Kenkadze,no logo: individual or small local firm,
Msc Marcks International,no logo: individual or small local firm,
Multiply Marketing Consultancy,no logo: individual or small local firm,
Muscat National Development and Investment Company,ask Will,Oman investment company
Muscular Dystrophy UK,source,
Mya Consulting,no logo: individual or small local firm,
N1,no logo: individual or small local firm,
NBK Capital,source,parent National Bank of Kuwait
NBS Communications,no logo: individual or small local firm,
NCAS,ask Will,"UK, which body is unclear"
NCB Capital,alias added,snb.png
NCRIB,no logo: individual or small local firm,
NEOM,source,
NEPL/FHN JV OML 26 AMT,no logo: individual or small local firm,
NEREUS,no logo: individual or small local firm,
NESA,ask Will,"NESA Center or schools council, unclear"
NIFOR,no logo: individual or small local firm,
NIRSAL,source,
NIS,source,
NRS International,ask Will,relief supplies firm
NRS Relief,no logo: individual or small local firm,
NUPCO,source,
NYU,alias added,nyu.png
Nahj Al Amal Training Center,no logo: individual or small local firm,
Nairobi Ministry of Metropolitan Development,ask Will,"Kenyan ministry, since abolished"
Nasser Salem Al Nahdi,no logo: individual or small local firm,
Nation Media Group,source,
National Assembly of Wales,source,current mark Senedd
National Association of Head Teachers,source,
National Bank of Abu Dhabi,source,successor First Abu Dhabi Bank
National Bank of Bahrain,source,
National Bank of Kuwait,source,
National Bank of Oman,source,
National Bank of Rwanda,source,
National Cash Transfer Office,ask Will,Nigerian government office
National Central Cooling Company,alias added,tabreed.png
National Drilling Company,alias added,adnoc.png
National Health Insurance Scheme,source,current mark NHIA
National Housing Federation,source,
National Library of NIG,source,
National Marine Dredging Company,source,
National Microfinance Bank,source,
National Network Communications,no logo: individual or small local firm,
National Nutrition Agency (NaNa),ask Will,Gambia government agency
National Paper Products Company,no logo: individual or small local firm,
National Petroleum Institute of Mozambique (INP),source,
National Power Training Institue of Nigeria (NAPTIN),ask Will,Nigerian government institute
National Rehabilitation Centre,ask Will,Abu Dhabi rehab centre
National Social Security and Insurance Trust,alias added,ssnit.png
National Transformation Program Center,source,
National Union of Students,source,
National Water Company,source,
NautaDutilh,source,
Navitas,source,
"Nazlee Tayob, Mina Seyahi Complex",no logo: individual or small local firm,
Neconde Energy,no logo: individual or small local firm,
Nemetschek OOD,source,Nemetschek
Neuroimage Group,no logo: individual or small local firm,
New Age Media Romania,no logo: individual or small local firm,
NewsMast,no logo: individual or small local firm,
Niger Delta Development Commission (NDDC),source,
Niger State Rural Access and Mobility Project,no logo: individual or small local firm,
Nigeria Bulk Electricity Trading,ask Will,Nigerian government company
Nigeria Deposit Insurance Corporation (NDIC),source,
Nigeria Economic and Financial Crimes Commission (EFCC),source,
Nigeria Federal Inland Revenue Service (FIRS),source,
Nigeria Federal Road Safety Corps,source,
Nigeria Federal University of Technology,ask Will,campus not named
Nigeria Governors' Forum Secretariat,source,
Nigeria Independent National Electoral Commission (INEC),source,
Nigeria Industrial Training Fund (ITF),source,
Nigeria National Agency for the Control of AIDS (NACA),source,
Nigeria National Broadcasting Commission,source,
Nigeria Office of Accountant General of The Federation,source,
Nigeria Office of the Head of Civil Service of the Federation,source,
Nigeria Oil Producers Trade Section (OPTS),ask Will,same body as OPTS
Nigerian British Alliance on Mentorship (IMC-NMP),no logo: individual or small local firm,
Nigerian Electricity Regulatory Commission,source,
Nigerian Export - Import bank,source,
Ninestiles Academy Trust,no logo: individual or small local firm,
Noble Trading,no logo: individual or small local firm,
North East Recovery and Stability Program,no logo: individual or small local firm,
North Oil Company (NOC),source,
Novartis,source,
Now Training,no logo: individual or small local firm,
Nuqtah,no logo: individual or small local firm,
Nyema Ndu-iheme,no logo: individual or small local firm,
Nyonmo fee multimedia,no logo: individual or small local firm,
OLX Group,source,
OMV Middle East & Africa,source,OMV
OOCEP,alias added,oq.png
OPTS,ask Will,Nigeria Oil Producers Trade Section
OSN,source,
Oando,source,
Oceana Gulf Contracting,no logo: individual or small local firm,
Octal,source,
Octopus Investments,source,
Office for Criminal Justice Reform,no logo: brand no longer trades,"UK body, closed"
"Office of HRH Prince Ali Bin Al Hussein, FIFA Vice President",no logo: individual or small local firm,
Oikocredit International,source,
Okavango Research Institute,ask Will,University of Botswana unit
Oldendorff,alias added,oldendorff.png
Olive,no logo: individual or small local firm,
Olympic Delivery Authority (ODA),no logo: brand no longer trades,wound up 2014
Oman Airports,source,
Oman Authority for Electricity Regulation,source,current mark APSR
Oman Environmental Services Holding Company,source,Oman be'ah
Oman Environmental Services Holding Company (be'ah),source,Oman be'ah
Oman Gas Company,alias added,oq.png
Oman Information Technology Authority,ask Will,merged into an Oman ministry
Oman Insurance Company,source,current mark Sukoon
Oman International Development & Investment Co (Ominvest),source,
Oman International Maritime College,ask Will,Oman college
Oman LNG,source,
Oman National Security Service Group (NSSG),ask Will,Oman security body
Oman Public Authority for Electricity and Water,ask Will,abolished Oman body
Oman Public Authority for Social Insurance,ask Will,merged into Oman Social Protection Fund
Oman Telecommunications Regulatory Authority,source,
Oman Tourism Development Co (OMRAN),source,
Omani Authority for Partnership and Development,source,
Omnix Pharma,no logo: individual or small local firm,
OnTime Group,no logo: individual or small local firm,
Ooredoo,source,
Open Society Initiative for West Africa (OSIWA),source,
Optimum Consult Nigeria,no logo: individual or small local firm,
Orascom Telecom,no logo: brand no longer trades,absorbed into VEON
Organisation for Economic Co-operation and Development,source,
Orient Insurance,alias added,al-futtaim.png
Oriental Energy Resources,no logo: individual or small local firm,
Originel,no logo: individual or small local firm,
Osborne,ask Will,UK construction firm
Osool Asset Management,no logo: individual or small local firm,
Osun Rural Access and Mobility Project,no logo: individual or small local firm,
Overseas Development Institute,source,
Oxford International AQA Examinations,source,OxfordAQA
Oxygen Entertainment,no logo: individual or small local firm,
PA Resources,no logo: brand no longer trades,wound up
PANTA RAY,no logo: individual or small local firm,
PCNI,ask Will,"Nigeria, name unclear"
PEN International,source,
PH Communications,no logo: individual or small local firm,
PKR Technologies,no logo: individual or small local firm,
PNY Trainings,no logo: individual or small local firm,
PR Action,no logo: individual or small local firm,
PR Africa International,no logo: individual or small local firm,
PRCO,ask Will,PR agency
PSG Communications,no logo: individual or small local firm,
Pacific Prime,ask Will,insurance broker
Pakistan National Electric Power Regulatory Authority,source,
Palestine Investment Fund,source,
Palestine Monetary Authority,source,
Palma Hospitality Group,no logo: individual or small local firm,
Particip,ask Will,German development consultancy
Passion for Life Healthcare,no logo: individual or small local firm,
Paula's Choice,source,
Peace Brigades International,source,
Pears National Centre for Autism Education,no logo: individual or small local firm,
Pepper Communication,no logo: individual or small local firm,
Permanent Representation of Latvia to the EU,ask Will,Latvia government
Personio HR Operating System,source,
Personnel Recruitment Center Career-Holdings,no logo: individual or small local firm,
Petony Technical Company,no logo: individual or small local firm,
Petro Rabigh,source,
Petrochad (ExxonMobil/Esso),ask Will,"Chad oil: Esso logo, ExxonMobil logo or none?"
Petroleum Products Pricing Regulatory Agency (PPPRA),ask Will,merged into NMDPRA
Petroleum Technology Development Fund,source,
Philippines Department of Finance,source,
PhosphonicS,no logo: individual or small local firm,
Pilgrims Group,ask Will,UK security firm
Place Communications FZ,no logo: individual or small local firm,
Polycor,ask Will,Canadian stone quarrier
Port of Fujairah,source,
Power Lab Pro Bulgaria,no logo: individual or small local firm,
Premier Oil Pakistan Holdings,no logo: brand no longer trades,"Premier Oil, now Harbour Energy"
Preqin,source,
Presidential Committee On North-East Initiative,no logo: individual or small local firm,
Priory Group,source,
Professional Sports Group,no logo: individual or small local firm,
Prudentia Technology Solutions India Private,no logo: individual or small local firm,
Punjab Education Sector Programme II (PESP2),no logo: individual or small local firm,
PurpleKube,no logo: individual or small local firm,
QA,source,
Qatar Airways,source,
Qatar Defence Attaché,ask Will,Qatari armed forces office
Qatar Fertiliser Company (QAFCO),ask Will,QatarEnergy subsidiary: own logo or QatarEnergy?
Qatar Islamic Bank Sudan,source,parent QIB
Qatar Stars League (QSL),source,
Qatargas,alias added,qatarenergy.png
Qiddiya,source,
Qsoft Holding,no logo: individual or small local firm,
Quandoo,ask Will,restaurant booking platform
Queen Rania Foundation,source,
Qurain Petrochemical Industries Company,ask Will,Kuwait petrochemicals
Qurum Business Group,no logo: individual or small local firm,
RAK Gas,ask Will,Ras Al Khaimah gas company
RAK Hospitality Holding,ask Will,Ras Al Khaimah hotel owner
RAPIDE,no logo: individual or small local firm,
REPOA,ask Will,Tanzanian think tank
RINGANA,ask Will,Austrian cosmetics brand
RMN Consultants,no logo: individual or small local firm,
RNOH NHS Trust,ask Will,NHS trust
RSPB,source,
Rabdan Academy,source,
Radioactive PR,no logo: individual or small local firm,
Rana Faqihi,no logo: individual or small local firm,
Rank Metal Group Bangkok,no logo: individual or small local firm,
Rashid Centre for Diabetes and Research,ask Will,Ajman health centre
Rauf Textile and Printing Mills Pakistan,no logo: individual or small local firm,
Ravengokz International Enterprises,no logo: individual or small local firm,
Red Kite Community Housing,no logo: individual or small local firm,
Red Sea Gateway,source,
Reed in Partnership,source,Reed
Relativity,source,
Relyt International Afghanistan,no logo: individual or small local firm,
Remark Research and Marketing Consulting,no logo: individual or small local firm,
Rendeavour,ask Will,African new-cities developer
Renée Mair,no logo: individual or small local firm,
ReputationInc,ask Will,UK reputation consultancy
Research & Branding Group,no logo: individual or small local firm,
Right to Play UK,source,
Rivers State House of Assembly,no logo: individual or small local firm,
Riyadh Central Ar Development Company (CADC),ask Will,same company as above
Riyadh Valley Company,ask Will,PIF venture fund
Road Maintenance Fund Administration,ask Will,Sierra Leone government fund
Road Transport and Safety Agency Zambia,source,
Robert Bird Group,source,
Rockwell Collins International Inc.-Dubai,no logo: brand no longer trades,now Collins Aerospace
Romanian Petroleum Exploration and Production Companies Association (ROPEPCA),ask Will,trade body
Rona Destina Bilgiç Tveit,no logo: individual or small local firm,
Rotopak,no logo: individual or small local firm,
Royal Catering,no logo: individual or small local firm,
Royal College of Surgeons in Ireland (RCSI),source,
Royal Hospital Chelsea (RHC),source,
Royal National Lifeboat Institution (RNLI),source,
Rwanda Events Group,no logo: individual or small local firm,
Rwanda Ministry of Natural Resources,ask Will,now Ministry of Environment
S & A Produce (UK),no logo: individual or small local firm,
S-Chem,ask Will,Saudi chemical joint venture
S.C. Island Fest,no logo: individual or small local firm,
S.C. Web Ventures,no logo: individual or small local firm,
S.T.O.K.,no logo: individual or small local firm,
SACE,source,
SAE Institute,source,
SAHCOL,ask Will,Nigerian ground handler
SAM Electromechanical Company,no logo: individual or small local firm,
SC. Dedeman,source,
SEDCO Holding,ask Will,Saudi family holding company
SEEN Group,no logo: individual or small local firm,
SEMINARIUM Capital Humano S.A. De C.V.,no logo: individual or small local firm,
SENAAT,ask Will,ADQ industrial arm: own logo or ADQ?
SEPLAT,source,
SFM,no logo: individual or small local firm,
SNC-Lavalin,source,current mark AtkinsRéalis
SNIWW Events & Consulting,no logo: individual or small local firm,
SOCAR,source,
SOS Children's Village International,source,
SOS Children's Villages Gulf Area Office,source,SOS Children's Villages
SPI Pharma,ask Will,US excipients maker
SPT training orgnaztion and freelance,no logo: individual or small local firm,
SRAK,no logo: individual or small local firm,
STMicroelectronics,source,
SWIFT,source,
Sahara Group,source,
Saint-Gobain,source,
Saipem,source,
Salam World,no logo: individual or small local firm,
Salterbaxter,ask Will,UK sustainability agency
Sami Akeel Advertising Agency,no logo: individual or small local firm,
Sami Navantia Naval Industries,source,
Sampa,no logo: individual or small local firm,
Sandvine,source,
Saray Capital (DIFC),no logo: individual or small local firm,
Saudi Agricultural and Livestock Investment,source,
Saudi Arabia Cultural Bureau,ask Will,Saudi cultural office abroad
Saudi Arabian Insurance Co. BSC Dubai branch,no logo: individual or small local firm,
Saudi Authority for the Care of Persons with Disabilities (APD),source,
Saudi British Bank,source,current mark SAB
Saudi Council of Economic and Development Affairs (CEDA),source,
Saudi Development and Training Co. (SDT),no logo: individual or small local firm,
Saudi Electricity Regulatory Authority (SERA),source,
Saudi General Authority for Competition (GAC),source,
Saudi Ground Services,source,
Saudi Job Creation Commission,ask Will,"Saudi body, since merged"
Saudi Ministry of Communications and Information Technology (MCIT),source,
Saudi Ministry of Education,source,
Saudi Ports Development Company,ask Will,Saudi ports company
Saudi Small and Medium Enterprises General Authority (Monsha'at),source,
Saudi Technology Development and Investment Company (TAQNIA),source,
Saudi Tourism Development Fund (TDF),source,
Schenker,ask Will,"DB Schenker, being rebranded DSV after the 2025 takeover"
Seafox,ask Will,offshore accommodation firm
Seaways International,no logo: individual or small local firm,
Secretariat of the Latvian Presidency of the Council of the European Union,no logo: brand no longer trades,temporary body
Seddiqi Holding,ask Will,"parent of Ahmed Seddiqi: its own logo, or the Ahmed Seddiqi logo already in the library?"
Seize Institute of Consulting and Business Solutions,no logo: individual or small local firm,
Serbia Anti-Corruption Agency,source,
Serimax,ask Will,pipeline welding firm
Seychelles Civil Aviation Authority (SCAA),source,
Seychelles Tourism Board,source,
Shahad AlMahboob,no logo: individual or small local firm,
Shaikha Mozah Al Maktoum,no logo: individual or small local firm,
Shams Power Company,ask Will,Masdar solar joint venture: own logo or Masdar?
Shanti Bhavan Children's Project,no logo: individual or small local firm,
Sharjah Capability Development (Tatweer),ask Will,Sharjah body
Sharjah Investment and Development Authority (Shurooq),source,
Sharjah Ladies Club,ask Will,Sharjah club
Sheikh Saud bin Saqr Al Qasimi Foundation for Policy Research,ask Will,RAK policy foundation
Sheikha Iman M Al-Sabah,no logo: individual or small local firm,
Sierra Leone Institute of International Law,no logo: individual or small local firm,
Sierra Leone National Revenue Authority,source,
Silicom,no logo: individual or small local firm,
Simulia Communications,no logo: individual or small local firm,
Size chunk Resources,no logo: individual or small local firm,
Skyway Aviation Handling Company,ask Will,Nigerian ground handler (SAHCO)
Slovenia Government,source,
Smartenergygb,source,
Smarttys Management,no logo: individual or small local firm,
Smartworld,ask Will,UAE IT firm
Smidts & Partners,no logo: individual or small local firm,
Sohar Industrial Port Company,source,Sohar Port and Freezone
Sohar Port and Freezone,source,
Solidaridad,source,
Solutions Leisure,no logo: individual or small local firm,
Sondos AlJazairy,no logo: individual or small local firm,
Soros Foundation-Kazakhstan,ask Will,Open Society foundation
Soul Communications PR,no logo: individual or small local firm,
Soulcomms,no logo: individual or small local firm,
South Africa PPP Unit/National Treasury,source,National Treasury
South East England Development Agency (SEEDA),no logo: brand no longer trades,abolished 2012
Soya Group Support,no logo: individual or small local firm,
Specialist Prosecutor's Office,ask Will,Kosovo specialist court prosecutor
Splash fm 105.5,no logo: individual or small local firm,
Spot Buy Center,no logo: individual or small local firm,
Standard Events,no logo: individual or small local firm,
Standard Media Group Kenya,source,
Standards Council of Canada (SCC),source,
Standing Conference of Towns and Municipalities,ask Will,Serbia local government body
StardustConcept Design Services,no logo: individual or small local firm,
Stars of Science TV Show,source,
Start,no logo: individual or small local firm,
Starwood Hotels and Resorts,no logo: brand no longer trades,bought by Marriott
State Trading Organisation,source,
Sterling Bank,source,
Stevanato Group,source,
Strategic Gears,ask Will,Saudi consultancy
Strategico FZ,no logo: individual or small local firm,
Suez Canal Container Terminal,source,parent APM Terminals
Suliman Abdulaziz AlRajhi Real Estate Investments,no logo: individual or small local firm,
Sunbird Group,no logo: individual or small local firm,
Suprema Securities,no logo: individual or small local firm,
Sure IT Recruitment,no logo: individual or small local firm,
Swedish Trade Council,source,successor Business Sweden
Swiss Embassy Uzbekistan,ask Will,Switzerland government
SwissCore,ask Will,Swiss research office in Brussels
Switzerland Water Supply and Sanitation Collaborative Council (WSSCC),ask Will,now Sanitation and Hygiene Fund
TDF Architects,no logo: individual or small local firm,
TDIC,ask Will,same company as above
TFB Consulting,no logo: individual or small local firm,
TGP International,no logo: individual or small local firm,
TGT Diagnostics,no logo: individual or small local firm,
TGT Oilfield Services,ask Will,well diagnostics firm
TIG Communications,no logo: individual or small local firm,
TOH PR,no logo: individual or small local firm,
TOLO News,source,
TOPdesk,source,
TPI Enterprises,ask Will,Australian pharmaceutical raw materials firm
TPP,ask Will,"UK, which firm is unclear"
TT2,ask Will,Tyne Tunnels operator
TTTech Auto Iberia,ask Will,Austrian car software firm
TY Danjuma Family Office,no logo: individual or small local firm,
Tahakom,source,
Takaful Emarat,ask Will,UAE insurer
Takamol Holding,source,
Takatuf Oman,source,
Tamkeen Abu Dhabi,ask Will,"Abu Dhabi, which Tamkeen is unclear"
Tamkeen Bahrain,source,
Tanmeyah Consulting Group,no logo: individual or small local firm,
Tanzania EWURA Consumer Consultative Council,no logo: individual or small local firm,
Tanzania National Parks,source,
Tanzania President's Office,ask Will,Tanzania government
Tashkeel,source,
Tasnee,source,
Tasweeq,ask Will,"Qatar marketing company, merged into QatarEnergy"
Tatweer Education Holding Company,source,
Tawal,source,
Tawazun,source,
Tawuniya,source,
Technical Centre for Agricultural and Rural Cooperation (CTA),no logo: brand no longer trades,closed 2020
Telefónica Ireland,no logo: brand no longer trades,bought by Three
Tellurian Services,no logo: individual or small local firm,
Tema Oil Refinery (TOR),source,
Texas A&M University at Qatar,source,Texas A&M
The Address Dubai Marina,alias added,emaar-hospitality.png
The African Academy of Sciences,source,
The America for Bulgaria Foundation,ask Will,US-Bulgarian foundation
The American International School of Muscat (TAISM),ask Will,school
The Association of Business Executives,ask Will,UK awarding body
The Bank of Sierra Leone,source,
The Benefit Company,ask Will,Bahrain payments company
The Brand Union,no logo: brand no longer trades,"merged into Superunion, now Design Bridge and Partners"
The Cavalry Collective,no logo: individual or small local firm,
The Center of Waste Management,source,current mark Tadweer
The Climate Group,source,
The Communication Group,no logo: individual or small local firm,
The Duke of Edinburgh's International Award Foundation,source,
The Executive Office of HH Sheikh Mohammed (TEO),source,
The Fishmongers' Company,source,
"The Galleria, Al Maryah Island",source,
The Investment Climate Facility for Africa,no logo: individual or small local firm,
The Microfinance Support Centre,no logo: individual or small local firm,
The Netherlands Nutrition Centre,ask Will,Dutch public body
The Petroleum Institute,alias added,khalifa-university.png
The Redeemed Christian Church of God (RCCG),ask Will,Nigerian church
The University of the West Indies Trinidad and Tobago,source,
Tigerspike,ask Will,digital agency
Tomkins,no logo: brand no longer trades,bought and broken up
Tomra Systems ASA,source,
Toothfriendly International,no logo: individual or small local firm,
TopCommNG,no logo: individual or small local firm,
Tote,source,
Toucan,no logo: individual or small local firm,
Tourism Development & Investment company TDIC,ask Will,"Abu Dhabi developer, since folded into Aldar and Miral"
Tradall,no logo: individual or small local firm,
Trading Point of Financial Instruments,source,XM
TransferTo Mobile Financial Services,ask Will,now DT One
Transform Consulting Company,no logo: individual or small local firm,
Transmed Overseas,ask Will,Levant distributor
Transport Services,no logo: individual or small local firm,
Transport for the North,source,
Travelport,source,
Treehouse,no logo: individual or small local firm,
Trez Event Center,no logo: individual or small local firm,
Tristar Transport,ask Will,UAE fuel logistics group
Trivago,source,
Tullow Ghana,source,Tullow Oil
Tullow Group Services,source,Tullow Oil
Turki Al-Mubadal,no logo: individual or small local firm,
Turkish Aerospace Industry (TAI),source,
U.S. Department of Agriculture,alias added,usda.png
UAE Critical National Infrastructure Authority (CNIA),ask Will,UAE security body
UAE Federal Authority for Nuclear Regulation (FANR),source,
UAE General Civil Aviation Authority (GCAA),source,
UAE Government Communications Office (GCO),source,
UAE Jiu Jitsu Federation,source,
UAE Ministry of Health and Prevention,source,
UAE Ministry of State for Happiness,ask Will,"UAE ministry, since abolished"
UAE Office for the Coordination of Foreign Aid,ask Will,merged into UAE foreign ministry
UAE Public Diplomacy Office,source,
UAE Regulation and Supervision Bureau,ask Will,"Abu Dhabi utilities regulator, since merged"
UAE Signals Intelligence Agency (SIA),ask Will,UAE intelligence body
UK Department of Transport,source,
UK Investigatory Powers Commissioner's Office,source,
UK Office for National Statistics (ONS),source,
UK Trade and Investment (UKTI),ask Will,now Department for Business and Trade
UNAIDS,source,
UP Romania,no logo: individual or small local firm,
UPS,source,
US Consulate Jordan,ask Will,US State Department
US Embassy Nairobi,ask Will,US State Department
US Embassy Nigeria,ask Will,US State Department
USAID,ask Will,closed in 2025
UWC Dilijan College,source,UWC
Ubisoft,source,
Uche Bede-Nwokoye,no logo: individual or small local firm,
Uganda Bureau of Statistics,source,
Uganda Cancer Institute,source,
Uganda Electricity Generation Company,source,
Uganda National Council for Science and Technology (UNCST),source,
Uganda National Oil Company,source,
Uganda National Planning Authority,source,
Uganda National Roads Authority,source,
Umbutfo Swaziland Defense Force,source,
Unilever,source,
Unique Group,ask Will,UAE offshore services group
Unique Shift,no logo: individual or small local firm,
United Arab Bank,source,
United Gulf Bank,ask Will,Bahrain bank
United Kingdom Permanent Representation to the European Union (UKRep),alias added,fcdo.png
United for Global Mental Health,ask Will,UK charity
Unity Resources Group,ask Will,security firm
Universidad Técnica Federico Santa María,source,
University of Buraimi,source,
University of Gibraltar,source,
University of Ilorin,source,
University of Jos,source,
University of Luxembourg,source,
University of New England,ask Will,UK entry; UNE is Australian or American
University of Salford,source,
Urban Transport Group,source,
Utilities Centre for Competences Development (UCCD),no logo: individual or small local firm,
VAMED,source,
VCE Technology Solutions,no logo: individual or small local firm,
VPOPA,ask Will,same office as above
VTTI,source,
Vantage,no logo: individual or small local firm,
Vassallo Builders Group,ask Will,Malta builder
Venture Capital Trust Fund,ask Will,Ghana government fund
Venture Setops Hellas,no logo: individual or small local firm,
Verenigde Tankrederij Spain SAU,no logo: individual or small local firm,
Veyseloglu Group of Companies,ask Will,Azerbaijani group
Vice President's Office for Political Affairs (VPOPA),ask Will,UAE
Videology,no logo: brand no longer trades,bought by Amobee
Vinsys IT Consultancy,no logo: individual or small local firm,
Virginia Department of Social Services,source,
Virginia Garcia Memorial Health Center,no logo: individual or small local firm,
Viva,alias added,stc.png
Vorwerk,source,
Voxbone,no logo: brand no longer trades,bought by Bandwidth
WABCO,no logo: brand no longer trades,bought by ZF
Wartung for Building Contracting,no logo: individual or small local firm,
Watts Gallery,source,
We Communications,source,
Webcorgroup,no logo: individual or small local firm,
Webedia Arabia,ask Will,media firm
Webtel.Mobi,no logo: individual or small local firm,
Wekalah Tawasol Muhtaref for Media and Advertising,no logo: individual or small local firm,
West Coast Asset Management,no logo: individual or small local firm,
West Northamptonshire Development Corporation,no logo: individual or small local firm,
Western Governors University,source,
Westin Hotels and Resorts,source,
Weststar Aviation Services,ask Will,Malaysian helicopter operator
What.digital,no logo: individual or small local firm,
WilmerHale,source,
Wine in Moderation (WIM),ask Will,EU wine sector body
World Food Programme (WFP),source,
World Intellectual Property Organization (WIPO),source,
World Meteorological Organization (WMO),source,
World N Traveland,no logo: individual or small local firm,
World Resources Institute,source,
World Travel and Tourism Council (WTTC),source,
Worldcocoa,no logo: individual or small local firm,
Worldremit Services,source,WorldRemit
XM,source,
XXCWILSON,no logo: individual or small local firm,
Xeretec,no logo: individual or small local firm,
YASREF,ask Will,Aramco refinery joint venture: own logo or Aramco?
Yahsat,source,successor Space42
Yas Marina Circuit,source,
Yas Viceroy Abu Dhabi,ask Will,"now W Abu Dhabi, a Marriott hotel"
Yayasan Rakyat 1Malaysia,no logo: individual or small local firm,
Yemen LNG Company,source,
Zabeel,no logo: individual or small local firm,
Zambia Airports,source,
Zambia Office of the Auditor General,source,
Zamilindustrial,source,Zamil Industrial
Zanzibar Legal Affairs Public Service,no logo: individual or small local firm,
Zaya Living Real Estate Development,no logo: individual or small local firm,
Zeobit,no logo: individual or small local firm,
bwin.party services Austria,no logo: brand no longer trades,now Entain
eShare,no logo: individual or small local firm,
inRiver,ask Will,Swedish software firm
scoutbee,ask Will,German procurement software
shaikha ahmed alrohayem,no logo: individual or small local firm,
