target,status,file,display_name,organisation_identified,channel,source_url,enlarged,white_on_colour,reason
Abu Dhabi Department of Economic Development (DED),done,abu-dhabi-department-of-economic-development.png,Abu Dhabi Department of Economic Development,"Abu Dhabi Department of Economic Development (ADDED), UAE",official-site,https://www.added.gov.ae/-/media/DED/header-logo-new.png,True,False,Enlarged from the 274x68 header logo because it is the largest file the site has. Bilingual lockup with the Abu Dhabi emblem.
Abu Dhabi Department of Energy,done,abu-dhabi-department-of-energy.png,Abu Dhabi Department of Energy,"Department of Energy, Abu Dhabi, UAE",official-site,https://www.doe.gov.ae/-/media/Project/DOE/shared/Untitled.png,True,False,Enlarged from the 341x107 header logo because it is the largest file the site has.
Abu Dhabi Early Childhood Authority (ECA),done,abu-dhabi-early-childhood-authority.png,Abu Dhabi Early Childhood Authority,"Abu Dhabi Early Childhood Authority (ECA), UAE",official-site,https://www.eca.gov.ae/-/media/ECA/Identity/logo.webp,True,False,"The only colour logo is 113x70, so it was enlarged about 7 times and looks soft. It is legible, but a better file from ECA would be worth getting."
Abu Dhabi Executive Office,failed,,Abu Dhabi Executive Office,"Abu Dhabi Executive Office (ADEO), UAE",,,False,False,"There is still no Wikipedia page or Commons file for ADEO, and none of its possible domains (adeo.gov.ae, adeo.ae, executiveoffice.gov.ae) can be reached. Its only web presence is a topic page on the Abu Dhabi Media Office site, which is not ADEO's own site."
Abu Dhabi General Secretariat of the Executive Council,failed,,Abu Dhabi General Secretariat of the Executive Council,"General Secretariat of the Executive Council, Abu Dhabi, UAE (closed)",,,False,False,"The General Secretariat's own last logo is not on Wikimedia, ecouncil.ae redirects to abudhabi.gov.ae, and the Wayback Machine was offline. English Wikipedia does have a logo for the Abu Dhabi Executive Council itself (Logo_of_Abu_Dhabi_Executive_Council.jpg, 361x157, clipped at the right edge). That is a different body, so I did not use it; Will could choose to accept it."
Abu Dhabi Motorsport Management,done,ethara.png,Ethara,"Ethara (current operator of the former Abu Dhabi Motorsport Management), UAE",official-site,https://www.ethara.com/documents/265906/8344128/footer-logo.svg/8c057492-c509-6d45-399e-065085405b2e?version=1.0&t=1756208065198,False,True,"Ethara only publishes a white logo (bilingual SVG), so it sits on #1e1e1e, the charcoal Ethara uses behind its E icon."
Abu Dhabi Sports Council,failed,,Abu Dhabi Sports Council,"Abu Dhabi Sports Council (ADSC), UAE",,,False,False,"Neither the English nor the Arabic Wikipedia page has a logo, and Commons has none. adsc.gov.ae and adsc.ae still fail to connect through the proxy."
Adaa,done,adaa.png,Adaa,"National Center for Performance Measurement (Adaa), Saudi Arabia",wikimedia,https://upload.wikimedia.org/wikipedia/ar/0/09/%D8%B4%D8%B9%D8%A7%D8%B1_%D8%A3%D8%AF%D8%A7%D8%A1_%D8%A7%D9%84%D8%B3%D8%B9%D9%88%D8%AF%D9%8A.png,True,False,"Enlarged from the 199x77 Arabic Wikipedia logo. This version is Arabic-only. adaa.gov.sa still returns 403, so I could not check for a bilingual version."
Adam Smith International,failed,,Adam Smith International,"Adam Smith International, United Kingdom",,,False,False,"There is no Wikipedia logo or Commons file. adamsmithinternational.com still returns a SiteGround captcha for the page and its theme assets. A fetch that got past the captcha showed only certification badges, not the header logo."
Advising Families Across Generations (STEP),done,step.png,STEP,"STEP (Society of Trust and Estate Practitioners), United Kingdom",wikimedia,https://upload.wikimedia.org/wikipedia/en/9/9a/Society_of_Trust_and_Estate_Practitioners_logo.jpg,True,False,The English Wikipedia page does have this logo (the first run missed it). Enlarged from 382x132; it includes the 'Advising Families Across Generations' strapline.
Air Partner,done,air-partner.png,Air Partner,"Air Partner (now part of Wheels Up), United Kingdom",wikimedia,https://upload.wikimedia.org/wikipedia/commons/thumb/4/48/APWU_interim_logo_horizontal_blue_296x76.png/330px-APWU_interim_logo_horizontal_blue_296x76.png,True,False,"Last logo Air Partner used, 'Air Partner, a Wheels Up company'. The original kept returning 429, so I used the Commons 330px thumbnail and enlarged it."
Ajman Public Transport Corporation,done,ajman-transport-authority.png,Ajman Transport Authority,"Transport Authority, Ajman (successor to Ajman Public Transport Corporation), UAE",wikimedia,https://upload.wikimedia.org/wikipedia/commons/thumb/2/23/Ajman_Transport_Authority.png/330px-Ajman_Transport_Authority.png,True,False,"Successor link: the corporation's LinkedIn page (slug public-transport-corporation) is now 'Transport Authority', and the Authority runs Ajman's buses. The original 156x95 file returned 429, so I used the 330px thumbnail and enlarged it."
Akkök Holding,done,akkok-holding.png,Akkök Holding,"Akkök Holding A.Ş., Turkey",wikimedia,https://upload.wikimedia.org/wikipedia/commons/5/52/Akk%C3%B6k_Holding_logo.png,True,False,"The only file available is 72x123, so it was enlarged about 6.5 times and looks soft but legible. akkok.com.tr still fails TLS through the proxy."
Al Fahim,done,al-fahim.png,Al Fahim,"Al Fahim Group, UAE",official-site,https://alfahim.com/wp-content/uploads/2023/06/Logo.png,True,True,"The logo has an orange symbol with a white bilingual wordmark and no dark version, so it sits on the default #1f2a30 (the site shows no clear brand colour behind it). Enlarged from 168x60."
Al Fakher Tobacco Factory,done,al-fakher.png,Al Fakher,"Al Fakher Tobacco Factory (Al Fakher), UAE",official-site,https://images.squarespace-cdn.com/content/v1/66b4885f1e86da03215efed0/d697e610-2cf8-40fe-86a0-7438326dcdeb/AlFakher_logo.png,False,True,"The logo only exists in white, so it sits on #9e302e, the red header behind the logo on alfakher.com (colour sampled from its og:image)."
Al Jalila Children's Speciality Hospital,failed,,Al Jalila Children's Speciality Hospital,"Al Jalila Children's Speciality Hospital (Dubai Health), UAE",,,False,False,"The English and Arabic Wikipedia pages have no logo, and Commons has none. aljalilachildrens.ae and dubaihealth.ae still fail to connect through the proxy."
Al Marjan Island,done,marjan.png,Marjan,"Marjan, master developer of Al Marjan Island, Ras Al Khaimah, UAE",official-site,https://marjan.ae/hubfs/site-logo-1.png,True,False,"Used the navy bilingual logo (257x101), enlarged, instead of the white SVG. The unconfirmed Commons file 'AL MARJAN Logo.jpg' was not used."
Al Tayer Group,done,al-tayer-group.png,Al Tayer Group,"Al Tayer Group, UAE",wikimedia,https://upload.wikimedia.org/wikipedia/en/0/01/Al_Tayer_Group_logo.png,True,False,Enlarged from the 351x62 Wikipedia logo. The bilingual lockup is kept.
Al Watania for Industries,failed,,Al Watania for Industries,"Al Watania for Industries, Saudi Arabia",,,False,False,"Commons has no logo, and wataniaind.com (the confirmed official site) still times out through the proxy on every attempt."
Ali Bin Ali Group,failed,,Ali Bin Ali Group,"Ali Bin Ali Group, Qatar",,,False,False,The Wikipedia page has no logo and Commons has none. alibinali.com still returns a SiteGround captcha to every request.
Alsayer Group,done,alsayer-group.png,Alsayer Group,"Alsayer Group (Alsayer Holding), Kuwait",official-site,https://www.alsayergroup.com/wp-content/uploads/2025/02/Without-Bg-SVG-Red-1-1.svg,False,False,"Red roundel SVG, used as the header logo on the scrolled page. alsayergroup.com could be reached this time."
American Hospital Dubai,failed,,American Hospital Dubai,"American Hospital Dubai, UAE",,,False,False,The Wikipedia page has no logo and Commons has none. ahdubai.com still returns a Cloudflare 403.
Arab Petroleum Investments Corporation (APICORP),done,the-arab-energy-fund.png,The Arab Energy Fund,"The Arab Energy Fund (TAEF), formerly Arab Petroleum Investments Corporation (APICORP), Saudi Arabia",official-site,https://taef.com/wp-content/uploads/logo.svg,False,True,"APICORP renamed itself The Arab Energy Fund (confirmed on taef.com). The bilingual logo only exists in white with a gradient symbol, so it sits on #3e0937, the purple from the brand's og:image. The Commons 'TAEF logo.png' is a different organisation (Taiwan-Asia Exchange Foundation)."
Argaam,done,argaam.png,Argaam,"Argaam Investment Company, Saudi Arabia",official-site,https://www.argaam.com/content/ar/images/argaam-logo.png,True,False,"The Commons Argaam.png is cropped at the bottom and has a stray grey mark on the left, so I used the clean 122x56 site header logo and enlarged it."
Association of University Directors of Estates (AUDE),done,aude.png,AUDE,"Association of University Directors of Estates (AUDE), United Kingdom",official-site,https://www.aude.ac.uk/images/logo-new.jpg,True,False,"Enlarged from the 300x150 header logo (white text on a magenta-to-purple gradient block, with the strapline)."
Sharjah BEEAH,done,beeah.png,BEEAH,"BEEAH Group, Sharjah, UAE",official-site,https://www.beeahgroup.com/,False,True,"Taken from the inline SVG in the site header: white 'BEEAH' with the blue B symbol. It sits on #111821, the colour BEEAH's own header uses behind the logo."
BOC,done,boc.png,BOC,"BOC Limited (a Linde company), United Kingdom",official-site,https://static.prd.echannel.linde.com/wcsstore/AU_BOC_Industrial_Store/Assets/BOC_logo.png,True,False,"Red-stripe BOC logo with the line 'A Member of The Linde Group'. It comes from the BOC Australia site (boc.com.au), whose files sit on Linde's server. The UK site builds its logo in JavaScript. The line may be an older one; today's UK mark may say 'A Linde company' instead. The file is 228x69, so it was enlarged."
Bahrain Economic Development Board (EDB),failed,,Bahrain EDB,"Bahrain Economic Development Board, Bahrain",,,False,False,"Wikimedia and Wikipedia APIs answered 429 on every retry, and the first run found no logo there. bahrainedb.com still returns only an AWS WAF challenge (202/405)."
Bahrain GHQ Defense Force,done,bahrain-defence-force.png,Bahrain Defence Force,"Bahrain Defence Force (General Command), Kingdom of Bahrain",official-site,https://static.wixstatic.com/media/29ff6d_52c2bd0dc2884a39b6d838205d27f1b1~mv2.png,True,False,"The BDF emblem with the Arabic name, from bdf.bh. The file is 392x360, so it was enlarged."
Bahrain National Holding,done,bahrain-national-holding.png,Bahrain National Holding,"Bahrain National Holding B.S.C. (BNH), Bahrain",official-site,https://www.bnh.bh/wp-content/uploads/2025/06/BNH-Logo-2@300x-1.png,True,False,"The BNH lockup from the site header. The file is 176x70, so it was heavily enlarged."
Botswana Public Officers Pension Fund,done,botswana-public-officers-pension-fund.png,Botswana Public Officers Pension Fund,"Botswana Public Officers Pension Fund (BPOPF), Botswana",official-site,https://www.bpopf.co.bw/imgs/main.png,False,False,"The full stacked logo (symbol, name and the line 'Driving Member Value'), found at 2141x3795 in the site's image folder. No enlarging was needed."
British College of Osteopathic Medicine,done,british-college-of-osteopathic-medicine.png,British College of Osteopathic Medicine,"British College of Osteopathic Medicine (BCOM, part of BCNO Group), London, United Kingdom",official-site,https://www.bcom.ac.uk/wp-content/uploads/2023/03/bcom-logo-white.png,False,True,"Only a white logo exists. It is placed on BCOM green #04744e, the header and background colour in the site CSS."
Asthma + Lung UK,done,asthma-and-lung-uk.png,Asthma and Lung UK,"Asthma + Lung UK (successor to British Lung Foundation), United Kingdom",wikimedia,https://upload.wikimedia.org/wikipedia/en/d/db/Asthma_%2B_Lung_UK_logo.png,True,False,"The stacked logo from Wikipedia. The file is 320x304, so it was enlarged."
Bureau International des Expositions (BIE),done,bureau-international-des-expositions.png,Bureau International des Expositions,"Bureau International des Expositions (BIE), Paris, France",official-site,https://www.bie-paris.org/site/images/bie-logo.png,True,False,"The symbol-and-name lockup from the site header. The file is 183x50, so it was heavily enlarged and may look soft."
Capital Club,done,capital-club-dubai.png,Capital Club Dubai,"Capital Club Dubai (business club in DIFC, UAE)",official-site,https://capitalclubdubai.com/wp-content/uploads/2021/04/CC_Logo-white-01small-01-e1619435899850-2048x606.png,False,True,"Only a white logo exists on its own. It is placed on the brand navy #123a5a, which the site uses for headings and which matches the navy in its og:image."
Capital Markets Authority Kenya,done,capital-markets-authority-kenya.png,Capital Markets Authority Kenya,"Capital Markets Authority (CMA), Kenya",wikimedia,https://upload.wikimedia.org/wikipedia/commons/thumb/c/cf/CMA_Logo.png/250px-CMA_Logo.png,True,False,"The stacked lockup with the tagline, from Commons. The original file is 234x215 and the download was a thumbnail, so it was enlarged."
Central Bank of Kenya,done,central-bank-of-kenya.png,Central Bank of Kenya,"Central Bank of Kenya, Kenya",wikimedia,https://upload.wikimedia.org/wikipedia/en/b/b5/Central_Bank_of_Kenya_logo.png,True,False,"The crest logo from Wikipedia. The file is 354x281, so it was enlarged."
Central Bank of Oman,done,central-bank-of-oman.png,Central Bank of Oman,"Central Bank of Oman, Oman",wikimedia,https://upload.wikimedia.org/wikipedia/commons/thumb/7/7c/Central_Bank_of_Oman_logo.png/250px-Central_Bank_of_Oman_logo.png,True,False,"The bilingual roundel from Commons. The original file is 182x183 and the download was a thumbnail, so it was heavily enlarged."
Chalhoub Group,done,chalhoub-group.png,Chalhoub Group,"Chalhoub Group (Dubai, UAE)",official-site,https://www.chalhoubgroup.com/Content/images/logo.png,True,False,"The navy lockup: tughra, 'CHALHOUB GROUP' and 'SINCE 1955'. The file is 323x298, so it was enlarged. The bilingual wordmark exists only in white, so it was not used."
Concorde El Salam Hotels,failed,,Concorde El Salam Hotels,"Concorde El Salam Hotels, Egypt",,,False,False,"There is no Wikipedia or Commons logo, the Wikimedia API was rate-limited, and the proxy refused the official hotel domains (concorde-hotels.com, concordeelsalam.com)."
DMG Events,done,dmg-events.png,dmg events,"dmg events (DMG Events Ltd), Dubai, UAE",official-site,https://www.dmgevents.com/media/1119/dmg-events.svg,False,True,"Only a white logo with green dots exists, as an SVG. The site shows no clear brand background colour, so the default 1f2a30 was used."
Centrient,done,centrient.png,Centrient Pharmaceuticals,"Centrient Pharmaceuticals (formerly DSM Sinochem Pharmaceuticals), Netherlands",official-site,https://centrient.com/assets/images/logo.png,True,False,"The colour logo from the site header. The file is 168x100, so it was heavily enlarged."
Dubai Silicon Oasis,done,dubai-silicon-oasis.png,Dubai Silicon Oasis,"Dubai Silicon Oasis (Dubai Integrated Economic Zones), UAE",official-site,https://www.dso.ae/documents/d/dubai-silicon-oasis/logo-svg?download=true,False,True,"The bilingual SVG exists only in white. It is placed on #194176, the colour the site CSS names --primary-dso-blue."
DUCAB,failed,,Ducab,"Ducab (Dubai Cable Company), UAE",,https://ducab.com/wp-content/themes/ducab/assets/images/d-logo.svg,False,False,"The header logo URL was found, but Cloudflare returns 403 on every attempt to download it, with any user agent. The Wikimedia API was rate-limited throughout, and the first run found no Wikipedia page."
Daleel Petroleum,done,daleel-petroleum.png,Daleel Petroleum,"Daleel Petroleum LLC, Oman",official-site,https://daleelpetroleum.com/site/images/logo/logo-color.png,True,False,"The bilingual colour logo. The file is only 130x31, so it was enlarged about sixfold and will look soft. No larger version exists on the site."
Damas,done,damas.png,Damas,"Damas Jewellery (Damas LLC), Dubai, UAE",official-site,https://www.damasjewellery.com/images/logo.png,True,False,"The black wordmark from the site header. The file is 340x81, so it was enlarged."
Dana Gas,done,dana-gas.png,Dana Gas,"Dana Gas PJSC, Sharjah, UAE",official-site,https://www.danagas.com/storage/2023/06/dana-gas-logo.png,True,False,"The stacked bilingual header logo. The bot challenge covers the site's pages but not its image files. The file is 168x172, so it was heavily enlarged."
Debra,done,debra.png,DEBRA,"DEBRA UK (butterfly skin charity), United Kingdom",official-site,https://www.debra.org.uk/wp-content/uploads/2024/04/debra-logo_353x120.png,True,False,"The full logo with the line 'The Butterfly Skin Charity'. The file is 353x120, so it was enlarged."
Decision Support Centre (DSC),failed,,Decision Support Center,"Decision Support Center (Royal Court), Saudi Arabia",,https://www.dsc.gov.sa/en/,False,False,"dsc.gov.sa is still unreachable (the proxy tunnel closes and the connection times out), and the Wikimedia API was rate-limited, with no Commons logo found before."
Delta Partners,failed,,Delta Partners,"Delta Partners (TMT advisory firm, Dubai, UAE; acquired by FTI Consulting in 2021)",,https://www.deltapartnersgroup.com/,False,False,"The domain still redirects to fticonsulting.com, so no official copy of the last logo is online, and Wikimedia was rate-limited, with no logo found before."
Diamond Light Source,done,diamond-light-source.png,Diamond Light Source,"Diamond Light Source Ltd, UK national synchrotron facility (Harwell, United Kingdom)",wikimedia,https://upload.wikimedia.org/wikipedia/en/b/ba/DiamondLogo.png,True,False,"The 'diamond' star wordmark from Wikipedia. The file is 300x85, so it was enlarged. Cloudflare blocks the official site, so I could not confirm this matches the 2019 site logo."
Dolphin Energy,done,dolphin-energy.png,Dolphin Energy,"Dolphin Energy Limited, Abu Dhabi, UAE",official-site,https://www.dolphinenergy.com/logo-dolphin.png,True,False,"The bilingual colour logo from the site. The file is 339x216, so it was enlarged."
Dubai Air Navigation Services (DANS),failed,,Dubai Air Navigation Services,"Dubai Air Navigation Services (dans), Government of Dubai, UAE",,,False,False,"Wikimedia has no DANS logo (no Wikipedia page in English or Arabic, and the Commons searches found nothing), and dans.gov.ae still refuses every connection from here, including through WebFetch. The only copies are on third-party sites."
Dubai Community Development Authority,done,dubai-community-development-authority.png,Dubai Community Development Authority,"Community Development Authority (CDA), Government of Dubai, UAE",official-site,https://www.cda.gov.ae/assets/header/authority-logo-color.png,True,False,"Bilingual colour lockup, only 292x58, so it was upscaled and is a little soft."
Dubai Department of Economy and Tourism,failed,,Dubai Department of Economy and Tourism,"Dubai Department of Economy and Tourism (DET), UAE, the successor of DED and DTCM",,,False,False,"Wikimedia has no DET logo. WebFetch found the logo at dubaidet.gov.ae/en/-/media/common/logos/revised/dubai-det-flag-logo.svg, but Akamai returns 403 to every direct download, and WebFetch will not return image content."
Dubai Executive Council,failed,,The Executive Council of Dubai,"The Executive Council of Dubai, Government of Dubai, UAE",,,False,False,"The Arabic Wikipedia page has no logo and Commons has nothing. tec.gov.ae times out or returns 503 to curl and WebFetch. It has its own mark, so the coat-of-arms fallback does not apply."
Dubai Financial Services Authority (DFSA),done,dfsa.png,Dubai Financial Services Authority,"Dubai Financial Services Authority (DFSA), UAE",official-site,https://www.dfsa.ae/application/themes/dfsa/dist/images/logo.png,True,False,"The only colour file is 160x100, so it was heavily upscaled and is soft but legible."
Dubai Holding,done,dubai-holding.png,Dubai Holding,"Dubai Holding LLC, Dubai, UAE",wikimedia,https://upload.wikimedia.org/wikipedia/commons/thumb/9/91/AW_DH_PV_POS_RGB_EN_%28002%29.png/960px-AW_DH_PV_POS_RGB_EN_%28002%29.png,True,False,"This is the colour English logo from Wikipedia. Wikimedia's 960px thumbnail enlarges a roughly 520px original, so it is marked as enlarged even though the helper did not upscale it."
Dubai Petroleum Establishment,done,dubai-petroleum.png,Dubai Petroleum,"Dubai Petroleum Establishment, Dubai, UAE",official-site,https://www.dubaipetroleum.ae/app/themes/sage-8.5.1/dist/images/header-logo.jpg,True,False,"Full-colour bilingual lockup at 274x75, upscaled."
Dubai SME,failed,,Dubai SME,"Dubai SME (Mohammed bin Rashid Establishment for SME Development), Dubai, UAE",,,False,False,"Wikimedia has no file. sme.ae now redirects to dubaifoundershq.com, whose Dubai SME logo (dubai-sme-v1.png) returns Akamai 403 to direct downloads."
EMPOWER,done,empower.png,Empower,"Emirates Central Cooling Systems Corporation (Empower), Dubai, UAE",official-site,https://www.empower.ae/images/logo-new.png,True,True,"The only logo is 123x89 with a white wordmark, so it was upscaled a lot and looks soft. The site has no clear colour behind the logo, so the default 1f2a30 background was used."
Electricity Company of Ghana,done,electricity-company-of-ghana.png,Electricity Company of Ghana,"Electricity Company of Ghana Limited (ECG), Ghana",official-site,https://www.ecg.com.gh/images/site/ecg_logo.png,False,True,"The full lockup's name is white only, so it sits on ECG's own blue 2e3192, taken from the emblem box in its logo."
Ethara,exists,ethara.png,Ethara,"Ethara, Abu Dhabi, UAE (events and venue management)",official-site,https://www.ethara.com/documents/d/ethara/footer-logo,False,True,"out/logos/ethara.png was built at 08:31 today, before this run reached this group. It is the same organisation's bilingual white wordmark on dark 1e1e1e, which is what this run would have made. It is not yet in manifest-final.csv."
Eurofighter,done,eurofighter.png,Eurofighter,"Eurofighter Jagdflugzeug GmbH, Hallbergmoos, Germany",wikimedia,https://upload.wikimedia.org/wikipedia/commons/thumb/0/0b/Eurofighter_logo.jpg/500px-Eurofighter_logo.jpg,False,False,"Caveat: this is the 'Eurofighter Typhoon' swirl lockup from Commons, the programme brand the company uses. I could not check it against the current eurofighter.com header, which sits behind a Cloudflare challenge."
European Centre for Development Policy Management,done,ecdpm.png,ECDPM,"European Centre for Development Policy Management (ECDPM), Maastricht, Netherlands",wikimedia,https://upload.wikimedia.org/wikipedia/commons/thumb/7/76/ECDPM-Logo-240x240.png/250px-ECDPM-Logo-240x240.png,True,False,"Square logo (white 'ecdpm' in a blue box) from Commons, 240px original, upscaled."
European Petrochemical Association (EPCA),done,epca.png,EPCA,"European Petrochemical Association (EPCA), Brussels, Belgium",official-site,https://epca.eu/sites/epca.eu/files/basic-pages/logo-epca-blue.png,True,False,Used the colour version (200x60) rather than the white SVG. It was upscaled and is soft.
European Regions Research and Innovation Network (ERRIN),failed,,ERRIN,"European Regions Research and Innovation Network (ERRIN), Brussels, Belgium",,,False,False,"Wikimedia has no page or file. errin.eu returns a Cloudflare 403 for pages and assets, and WebFetch found no logo URLs."
F&E Aerospace,failed,,F&E Aerospace,"F&E Aerospace, Dubai, UAE (aircraft interiors)",,,False,False,"feaerospace.com now redirects to geaerospace.com, feaerospace.ae is unreachable, and Wikimedia has no file, so no official current logo could be sourced."
Falcon and Associates,done,falcon-and-associates.png,Falcon and Associates,"Falcon and Associates, Dubai, UAE (falconandassociates.ae)",official-site,https://www.falconandassociates.ae/assets/img/logos/falcon-logo.png,True,True,"The site was reached with full TLS verification by adding its missing GoDaddy G2 intermediate certificate. The logo exists only in white (224x131). The site only puts a translucent black nav behind it, so the default 1f2a30 was used, and it was upscaled."
Famfa Oil,done,famfa-oil.png,Famfa Oil,"Famfa Oil Limited, Lagos, Nigeria",official-site,https://www.famfa.com/wp-content/uploads/2023/11/famfa-web-logo.png,True,True,Stacked lockup with the drop in colour and the name in white (308x229). It sits on the site's own header colour 1f2221 and was upscaled.
"Farouk, Maamoun Mohammed Said Tamer Industries Holding",done,tamer-group.png,Tamer Group,"Farouk, Maamoun Tamer and Co (Tamer Group), Jeddah, Saudi Arabia",official-site,https://tamergroup.com/,False,False,"Caveat: the header SVG was saved from tamergroup.com in yesterday's attempt; the site is now behind Incapsula. Its wordmark has no colour of its own and takes the site's CSS 'fill-dark' class, which could not be read. The class was filled black, which matches the black wordmark in the rebrand photography."
Federal University of Technology Akure,failed,,Federal University of Technology Akure,"Federal University of Technology, Akure (FUTA), Nigeria",,,False,False,"Commons has only campus photos, no logo. futa.edu.ng and its subdomains return a Cloudflare 403, and WebFetch found no logo image URLs."
First Bank of Nigeria,done,firstbank-nigeria.png,FirstBank,"First Bank of Nigeria Limited, Lagos, Nigeria",official-site,https://firstbankgroup.com/ng/wp-content/uploads/2020/01/First-Bank.svg,False,False,Vector lockup. The site was reached with full TLS verification by adding its missing Sectigo intermediate certificate.
GARMCO,done,garmco.png,GARMCO,"Gulf Aluminium Rolling Mill B.S.C. (GARMCO), Bahrain",official-site,https://www.garmco.com/images/Garmco-blue-mobile.PNG,True,False,"Blue bilingual stacked lockup (224x300), upscaled."
Ghana Chamber of Mines,done,ghana-chamber-of-mines.png,Ghana Chamber of Mines,"The Ghana Chamber of Mines, Accra, Ghana",wikimedia,https://upload.wikimedia.org/wikipedia/commons/thumb/0/0b/Ghana_Chamber_of_Mines_logo.gif/330px-Ghana_Chamber_of_Mines_logo.gif,True,False,"The original is only a 202x110 GIF, so the enlarged result is low quality, though legible. The small text around the emblem is blurry."
Ghana Energy Commission,done,ghana-energy-commission.png,Energy Commission Ghana,"Energy Commission, Ghana",official-site,https://www.energycom.gov.gh/images/themexpert/logo-black.png,True,False,"Header lockup, 303x75, upscaled."
Ghana Public Utilities Regulatory Commission,done,ghana-purc.png,Public Utilities Regulatory Commission,"Public Utilities Regulatory Commission (PURC), Ghana",official-site,https://www.purc.com.gh/assets/images/504764-20231106101136.png,True,False,"Circular emblem with the full name, about 389x351 after trimming, upscaled slightly."
Global Geophysical Services,done,global-geophysical-services.png,Global Geophysical Services,"Global Geophysical Services, Inc. (seismic data acquisition)",official-site,https://static.wixstatic.com/media/9a0f1b_ef5319fa5d8b4eab8260a449eb8848e3~mv2.jpg,True,False,"The 360x360 original of the site header logo, from the Wix media store. Upscaled."
Group Five,done,group-five.png,Group Five,"Group Five Limited (construction and engineering group, in business rescue), South Africa",official-site,http://www.g5.co.za/images/Group-Five-logo.png,True,False,"The company's current site is g5.co.za, not the dead groupfive.co.za. Its only logo file is 238x56, so the tile is enlarged and slightly soft."
Gulf Medical Company,done,gulf-medical.png,Gulf Medical,"Gulf Medical Co. Ltd, Jeddah, Saudi Arabia",official-site,https://www.gulfmedical.com/uploads/upload1659443229969.jpg,True,False,"Bilingual header logo from the site's CMS, 388x105, built with --upscale. No larger file or SVG exists."
GulfDrug,done,gulfdrug.png,GulfDrug,"GulfDrug LLC (pharmaceutical distributor), UAE",official-site,https://www.gulfdrug.com//public/storage/site-setting/header/17095460701.png,True,False,"Used the header lockup (169x94, enlarged), which includes the 'Making life better' tagline. I did not use the larger footer file because its wordmark is white and only the leaf symbol shows on white. The tile is soft."
IMO,done,international-maritime-organization.png,International Maritime Organization,"International Maritime Organization (IMO), London (UN specialised agency)",official-site,https://www.imo.org/Content/images/img/English_Colour_RGB_Horizontal.png,False,False,"Will confirmed the identity. The Wikipedia article has no logo. Commons has 'Logo International Maritime Organization (2025).png' at only 960px, and I found it after building from imo.org. I used imo.org's 3759px colour horizontal logo instead, which is the same current mark."
INTERREG IVC,failed,,INTERREG IVC,"INTERREG IVC interregional cooperation programme 2007-2013 (EU), Lille, France",,,False,False,"Neither channel has the IVC logo. Commons has no file, interreg4c.eu no longer responds, and successor Interreg Europe does not host the old mark. Only a third-party aggregator has it."
Idama Facilities Management Solutions,failed,,Idama,"Idama Facilities Management Solutions, Abu Dhabi, UAE (part of Ejadah)",,,False,False,"idama.ae still redirects to ejadah.com, which shows only the Ejadah logo, and Wikimedia has no Idama logo. I can build the parent Ejadah logo if Will wants it."
Injazat,failed,,Injazat,"Injazat Data Systems, Abu Dhabi, UAE (merged into Core42 / G42)",,,False,False,"Wikimedia has no Injazat page or file, and injazat.com redirects to core42.ai, which no longer shows Injazat's last logo. I can build the Core42 logo if Will wants it."
INTAN,done,intan-malaysia.png,INTAN,"Institut Tadbiran Awam Negara (INTAN, National Institute of Public Administration), Malaysia",wikimedia,https://upload.wikimedia.org/wikipedia/en/c/cc/Logo_of_National_Institute_of_Public_Administration.jpg,True,False,"The INTAN crest, 161x243, enlarged. The site header is a portal banner with the national coat of arms, not INTAN's own mark. The tile is soft."
International Development Law Organization,done,idlo.png,IDLO,"International Development Law Organization (IDLO), Rome",official-site,https://www.idlo.int/sites/default/files/idlo-logo-blue6.png,True,True,"IDLO's logo exists only as white on its blue panel, so I built it with --bg 006695, the panel colour, and upscaled it from 227x100. It includes the tagline 'Creating a Culture of Justice'."
Invest AD,failed,,Invest AD,"Invest AD - Abu Dhabi Investment Company, UAE",,,False,False,"Wikimedia has no page or file, and investad.com still resets every connection, including with a browser user agent and over HTTP/1.1."
Ireland Department of Justice,done,ireland-department-of-justice.png,"Department of Justice, Home Affairs and Migration","Department of Justice, Home Affairs and Migration (formerly Department of Justice), Ireland",wikimedia,https://upload.wikimedia.org/wikipedia/commons/thumb/7/7d/Irish_Department_of_Justice%2C_Home_Affairs_and_Migration_logo.png/1280px-Irish_Department_of_Justice%2C_Home_Affairs_and_Migration_logo.png,True,False,"This is the department's current bilingual mark after its 2025 rename. The Commons original is 254x100, so Wikimedia's 1280px thumbnail is an enlargement and slightly soft. gov.ie does not show the department logo."
Jeddah Airport Company (JEDCO),failed,,Jeddah Airports,"Jeddah Airports Company (JEDCO), operator of King Abdulaziz International Airport, Saudi Arabia",,,False,False,"Commons has no Jeddah Airports Company logo, and kaia.sa still returns Cloudflare 403 with a browser user agent. The King Abdulaziz International Airport logo on Wikipedia could be used if Will accepts it."
Jordan River Foundation,done,jordan-river-foundation.png,Jordan River Foundation,"Jordan River Foundation, Amman, Jordan",wikimedia,https://upload.wikimedia.org/wikipedia/en/4/44/Jordan_River_Foundation_logo.jpg,True,False,"Bilingual logo on its navy panel, 280x123, enlarged. This file is larger than the 192x155 site header logo. The tile is soft."
Justice Institute of British Columbia,done,jibc.png,Justice Institute of British Columbia,"Justice Institute of British Columbia (JIBC), New Westminster, Canada",official-site,https://www.jibc.ca/themes/custom/jibc/logo.svg,False,True,"The only official logo is the reversed SVG, so I built it with --bg 004a98, the blue behind it in the site header. It is a vector and sharp. Note that the batch lists the country as United Kingdom, but JIBC is in Canada."
KIMEP University,done,kimep-university.png,KIMEP University,"KIMEP University, Almaty, Kazakhstan",official-site,https://www.kimep.kz/wp-content/themes/kimep/img/logo-main.svg,False,True,"The only official logo is the white SVG, so I built it with --bg 57428b, KIMEP's purple from the site CSS. It is a vector and sharp."
KOSTT,done,kostt.png,KOSTT,"KOSTT - Transmission, System and Market Operator J.S.C., Kosovo",official-site,https://kostt.com/assets/img/logo/KosttLogoFull.png,False,False,"kostt.com serves an incomplete certificate chain. I added Sectigo's published intermediate certificate so that verification could complete; verification stayed on. The full uncropped lockup is 1638px and includes the trilingual legal name, so the kostt mark is small in the tile. A compact 223px symbol-and-name version also exists."
Karachaganak Petroleum Operating (KPO),done,karachaganak-petroleum-operating.png,Karachaganak Petroleum Operating,"Karachaganak Petroleum Operating B.V. (KPO), Aksai, Kazakhstan",official-site,https://www.kpo.kz/fileadmin/template/img/logon.png,True,False,"The only logo file is 75x57, so it is enlarged about 10x. It is legible but noticeably soft. Wikimedia has no KPO logo."
Kenya Airports Authority,done,kenya-airports-authority.png,Kenya Airports Authority,"Kenya Airports Authority (KAA), Kenya",wikimedia,https://upload.wikimedia.org/wikipedia/en/a/a0/Kenya_Airports_Authority_logo.png,True,False,Built from 334x298 with --upscale. kaa.go.ke still blocks automated access.
Kenya Insurance Regulatory Authority,done,kenya-insurance-regulatory-authority.png,Insurance Regulatory Authority,"Insurance Regulatory Authority (IRA), Kenya",wikimedia,https://upload.wikimedia.org/wikipedia/en/6/6b/Kenya_Insurance_Regulatory_Authority_Logo.png,True,False,"The source is only 82x91, enlarged about 9x. It is legible but soft. ira.go.ke still shows a reCAPTCHA page."
Kenya Office of the Director of Public Prosecutions,done,kenya-odpp.png,Office of the Director of Public Prosecutions,"Office of the Director of Public Prosecutions (ODPP), Kenya",official-site,https://odpp.go.ke/wp-content/uploads/2024/05/final-logo.png,True,False,"This is the site header lockup: the Kenya coat of arms plus the ODPP seal, 320x160, enlarged. Commons has no ODPP file."
Kenya Power and Lighting Company,done,kenya-power.png,Kenya Power,"Kenya Power and Lighting Company PLC (Kenya Power), Kenya",wikimedia,https://upload.wikimedia.org/wikipedia/en/3/36/Kenya_Power_logo.jpeg,True,False,Built from 335x297 with --upscale. This file is larger than the 138x120 site logo.
Kenya Roads Board,failed,,Kenya Roads Board,"Kenya Roads Board (KRB), Kenya",,,False,False,"krb.go.ke still resets HTTPS connections and times out over HTTP (503), and Wikimedia has no KRB logo. The Commons 'KRB Logo 2022' is an unrelated Indonesian logo."
Kenya Vision 2030 Delivery Secretariat,done,kenya-vision-2030.png,Kenya Vision 2030,"Kenya Vision 2030 Delivery Secretariat, Kenya",wikimedia,https://upload.wikimedia.org/wikipedia/commons/thumb/6/60/Vision2030_logo.svg/1280px-Vision2030_logo.svg.png,False,False,"Wikimedia's 1280px render of Commons 'Vision2030_logo.svg', which is the Kenya Vision 2030 mark the Secretariat uses. Built from the PNG render, so no SVG was saved."
King Abdullah Port,done,king-abdullah-port.png,King Abdullah Port,"King Abdullah Port, King Abdullah Economic City, Saudi Arabia",official-site,https://www.kingabdullahport.com.sa/wp-content/uploads/2020/11/kap-logo-1.png,True,False,"Bilingual lockup, 188x150, enlarged. The media library lists a 413px KAP-logo.png, but the server returns the 188px file, and its only other size is a cropped thumbnail."
King Fahad Specialist Hospital,done,king-fahad-specialist-hospital-dammam.png,King Fahad Specialist Hospital Dammam,"King Fahad Specialist Hospital, Dammam, Saudi Arabia",wikimedia,https://upload.wikimedia.org/wikipedia/commons/thumb/8/88/Kfsh_logo.png/1280px-Kfsh_logo.png,True,False,"Will confirmed the identity. Bilingual logo from Commons 'Kfsh_logo.png'. The original is 275x61, so Wikimedia's 1280px thumbnail is an enlargement and soft. kfsh.med.sa could not be reached."
King Faisal Medical City,failed,,King Faisal Medical City,"Probably King Faisal Medical City for Southern Regions, Abha, Saudi Arabia (not confirmed)",,,False,False,"Neither channel has a logo: Wikimedia has no article or file, and I found no reachable official website, only LinkedIn and Facebook. Will should also confirm it is not King Fahad Medical City (Riyadh) or KFSHRC, which is already in the library."
King Khalid Foundation,done,king-khalid-foundation.png,King Khalid Foundation,"King Khalid Foundation, Saudi Arabia",official-site,https://kkf.org.sa/assets/images/kkf-logo.png,True,True,"Wikimedia still has no logo. The site logo is bilingual, 220px and exists only with white lettering, so I enlarged it and placed it on the site's header green (#1a3428)."
Kraft,done,kraft-foods.png,Kraft Foods,"Kraft Foods Inc., United States",wikimedia,https://upload.wikimedia.org/wikipedia/commons/thumb/2/20/Kraft_foods_logo.png/500px-Kraft_foods_logo.png,False,False,"I used the Kraft Foods Inc. corporate logo from 2009 to 2012: the lower-case 'kraft foods' wordmark with the multicolour burst (Commons file Kraft foods logo.png). The 2024 Kraft Heinz 'KRAFT' oval is a product-brand mark. The Commons file was taken from a photo, so its edges are slightly soft."
Kuwait Anti-Corruption Authority,failed,,Kuwait Anti-Corruption Authority,"Kuwait Anti-Corruption Authority (Nazaha), Kuwait",,,False,False,"Wikipedia and Commons (English and Arabic) still have no logo, and nazaha.gov.kw fails TLS certificate verification at the egress proxy, so it cannot be reached."
Kuwait Capital Market Authority,done,kuwait-capital-markets-authority.png,Capital Markets Authority,"Capital Markets Authority, State of Kuwait",official-site,https://www.cma.gov.kw/o/cma-theme/images/logo.png,False,True,"The bilingual header logo exists only in white, so I placed it on the site's main brand navy (#023651). Wikimedia has no logo."
Kuwait Energy Company,done,kuwait-energy.png,Kuwait Energy,"Kuwait Energy Company (subsidiary of United Energy Group), Kuwait",official-site,https://www.kuwaitenergy.co/wp-content/themes/kuwaitenergy/images/logo.png,True,False,"The only logo is a 200px header PNG, enlarged. Its light-grey line 'Subsidiary of United Energy Group' is faint on white."
Kuwait Foundation for the Advancement of Sciences (KFAS),done,kfas.png,Kuwait Foundation for the Advancement of Sciences,"Kuwait Foundation for the Advancement of Sciences (KFAS), Kuwait",official-site,https://www.kfas.org/Frontend/assets/img/logo-orange.png,True,False,"I used the 214px orange colour version from the site, enlarged."
Kuwait International Bank,done,kuwait-international-bank.png,Kuwait International Bank,"Kuwait International Bank (KIB), Kuwait",wikimedia,https://upload.wikimedia.org/wikipedia/en/b/b2/Kuwait_International_Bank_Logo.png,True,False,I enlarged the 383x185 English Wikipedia logo. kib.com.kw still sends every request to a security 404 page.
Kuwait National Fund for Small and Medium Enterprise Development,failed,,Kuwait National Fund,"Kuwait National Fund for Small and Medium Enterprise Development, Kuwait",,,False,False,"Wikipedia and Commons (English and Arabic) have no logo, and nationalfund.gov.kw is still behind a Sucuri JavaScript bot challenge, which I did not get around."
LAPFUND,failed,,LAPFUND,"Local Authorities Provident Fund (LAPFUND), Kenya",,,False,False,Wikimedia has no logo. lapfund.or.ke still cannot be reached: the proxy tunnel returns 502 and plain http does not resolve.
Landmark Group,done,landmark-group.png,Landmark Group,"Landmark Group, UAE",wikimedia,https://upload.wikimedia.org/wikipedia/en/e/e3/Landmark_Group_logo.png,True,False,"I enlarged the 253x78 English Wikipedia logo, so it is soft. landmarkgroup.com still returns 403."
Legatum,done,legatum.png,Legatum,"Legatum (investment group), Dubai, UAE",wikimedia,https://upload.wikimedia.org/wikipedia/en/a/a3/Legatum_Logo_Update.png,True,False,I enlarged the 316px Wikipedia logo. Its off-white background was flood-filled to white before building.
Liberia Medicines and Health Product Regulatory Authority,done,liberia-medicines-and-health-products-regulatory-authority.png,Liberia Medicines and Health Products Regulatory Authority,"Liberia Medicines and Health Products Regulatory Authority (LMHRA), Liberia",official-site,https://www.lmhra.gov.lr/new/pg_img/LOGO-LARG2.png,True,False,I enlarged the 303x120 site header logo. The small motto text in the seal is soft.
Lifera,failed,,Lifera,"Lifera, Saudi Arabia",,,False,False,"Wikipedia and Commons have no logo, and lifera.com still serves a SiteGround captcha (HTTP 202) to every request."
MB Holding Company,failed,,MB Holding,"MB Holding Company, Oman",,,False,False,The Wikipedia page has only a portrait photo and Commons has no logo. mbholdingco.com still serves a SiteGround captcha (HTTP 202).
MCI,done,mci-group.png,MCI Group,"MCI Group (events and communications agency), headquartered in Geneva, with a Dubai office",official-site,https://www.mci-group.com/app/uploads/2025/06/Logo_Site.png,False,False,"I found a black version of the stacked 'mci group' logo (the site's schema logo, 696px), so no white logo was needed."
Mabanee Company K.P.S.C,done,mabanee.png,Mabanee,"Mabanee Company K.P.S.C., Kuwait",official-site,https://www.mabanee.com/assets_web/images/mabanee_logo.png,True,False,"I enlarged the 232px bilingual logo. The white 'm' sits on the coloured building graphic, as in the original."
Majis Industrial Services,done,majis-industrial-services.png,Majis Industrial Services,"Majis Industrial Services SAOC, Sohar, Oman",official-site,https://majis.om/wp-content/uploads/2026/04/majis_logo.png,True,False,"I enlarged the 150x120 bilingual colour logo, so it is soft."
Maldives Pension Administration Office,done,maldives-pension-administration-office.png,Maldives Pension Administration Office,"Maldives Pension Administration Office, Maldives",official-site,https://www.pension.gov.mv/,False,True,"I used the inline header SVG: the symbol with the Dhivehi name, white only. It is placed on the brand navy #242d59 from the site's mask-icon. The colour version exists only as the bare symbol (180px apple-touch icon), so I used the full lockup instead."
Metro Jeddah,failed,,Metro Jeddah,"Metro Jeddah Company, Saudi Arabia",,,False,False,"The Jeddah Metro pages on English and Arabic Wikipedia have no logo, and neither does Commons. metrojeddah.com.sa no longer resolves, and mjc.sa belongs to an unrelated shop."
Mohamed Yousuf Naghi & Brothers Group,done,mohamed-yousuf-naghi-and-brothers-group.png,Mohamed Yousuf Naghi and Brothers Group,"Mohamed Yousuf Naghi and Brothers Group, Saudi Arabia",official-site,https://mynaghi.com/images/logo.png,True,False,I enlarged the 353x142 bilingual site logo.
National Association of Head Teachers,done,naht.png,NAHT,"National Association of Head Teachers (NAHT), United Kingdom",wikimedia,https://upload.wikimedia.org/wikipedia/en/a/a7/National_Association_of_Head_Teachers_logo.png,True,True,"The only available file is the 220px Wikipedia logo: white NAHT lettering on black, with the strapline. I enlarged it and kept it on black. naht.org.uk still fails TLS verification."
National Bank of Oman,done,national-bank-of-oman.png,National Bank of Oman,"National Bank of Oman (NBO), Oman",official-site,https://www.nbo.om/Style%20Library/NBO3/images/Logo.png,True,False,"I enlarged the 204x78 bilingual site header logo, which is larger than the 172px Commons GIF."
National Cash Transfer Office,done,nigeria-national-cash-transfer-office.png,National Cash Transfer Office,"National Cash Transfer Office (NCTO), Nigeria",official-site,https://ncto.gov.ng/logo.jpg,False,False,"The 1080px site logo sits on a light-grey (#f7f7f7) ground. I flood-filled that ground to white from the corners before building, so no grey box remains."
NHIA,done,nhia-nigeria.png,NHIA,"National Health Insurance Authority (NHIA), Nigeria, successor to the National Health Insurance Scheme",official-site,https://www.nhia.gov.ng/wp-content/uploads/2024/03/NHIA-logo.jpg,True,False,"I slightly enlarged the 400px site logo, which trims to about 355px."
National Library of NIG,done,national-library-of-nigeria.png,National Library of Nigeria,"National Library of Nigeria, Nigeria",official-site,https://www.nln.gov.ng/assets/img/nln_logo.png,True,False,I enlarged the 175px site logo. The small ribbon text is soft.
National Transformation Program Center,done,saudi-national-transformation-program.png,National Transformation Program,"National Transformation Program (Vision 2030 programme), Saudi Arabia",wikimedia,https://upload.wikimedia.org/wikipedia/ar/6/6a/%D8%A8%D8%B1%D9%86%D8%A7%D9%85%D8%AC_%D8%A7%D9%84%D8%AA%D8%AD%D9%88%D9%84_%D8%A7%D9%84%D9%88%D8%B7%D9%86%D9%8A.png,True,False,"I used the 313px logo from Arabic Wikipedia, enlarged. The lockup is Arabic only. An English or bilingual version may exist on vision2030.gov.sa, which still returns 403."
Niger Delta Development Commission (NDDC),failed,,NDDC,"Niger Delta Development Commission, Nigeria",,https://upload.wikimedia.org/wikipedia/en/c/c8/Logo-nddc.jpg,False,False,"The only Wikimedia file is 76px; enlarged, it came out blurred and illegible on a grey box, so I deleted it. nddc.gov.ng still returns 403 for its logo files (NDDCNewLogo.jpg, nddclogo.png), even with browser headers."
Nigeria Economic and Financial Crimes Commission (EFCC),done,efcc.png,EFCC,"Economic and Financial Crimes Commission, Nigeria",wikimedia,https://upload.wikimedia.org/wikipedia/commons/5/5d/EFCC_LOGO.jpg,True,False,"Enlarged from the 354px original; the logo is photographic (an eagle), and it still looks clean."
Nigeria Federal Inland Revenue Service (FIRS),failed,,FIRS,"Federal Inland Revenue Service, Nigeria (now the Nigeria Revenue Service)",,,False,False,"The last FIRS logo is not available: the FIRS Wikipedia article now redirects to NRS with no logo, there is nothing on Commons, and firs.gov.ng returns 503 or resets. The NRS logo could be used instead if Will agrees."
Nigeria Federal Road Safety Corps,done,federal-road-safety-corps.png,Federal Road Safety Corps,"Federal Road Safety Corps (FRSC), Nigeria",wikimedia,https://upload.wikimedia.org/wikipedia/en/6/66/Federal_Road_Safety_Corps_logo.png,True,False,"Enlarged from the 365x273 original. The ribbon reads 'Federal Road Safety Commission', the body's statutory name."
Nigeria Governors' Forum Secretariat,done,nigeria-governors-forum.png,Nigeria Governors' Forum,"Nigeria Governors' Forum Secretariat, Nigeria",official-site,https://nggovernorsforum.org/images/stories/joomlart/logo.png,True,False,Enlarged from the 279x96 site header logo. The logo is a green lozenge-shaped block with the crest in it.
Nigeria National Broadcasting Commission,failed,,National Broadcasting Commission,"National Broadcasting Commission, Nigeria",,,False,False,The Wikipedia article has no logo and Commons searches found none; nbc.gov.ng still serves only an 'Under Maintenance' page with no images.
Nigerian Electricity Regulatory Commission,done,nigerian-electricity-regulatory-commission.png,Nigerian Electricity Regulatory Commission,"Nigerian Electricity Regulatory Commission (NERC), Nigeria",official-site,https://nerc.gov.ng/wp-content/uploads/2024/03/nerc-logo1.png,True,False,"Enlarged from the 216x71 header lockup (seal and name). The 328px file noted last time is actually a 'reportgov.ng' graphic with the national arms, not the NERC logo."
Nigerian Export - Import bank,failed,,NEXIM Bank,"Nigerian Export-Import Bank, Nigeria",,,False,False,"The Wikipedia article has no logo and Commons has none. neximbank.com.ng returns a Cloudflare 403 for every path, even with a browser user agent, and a text fetch of the page gave no image URLs."
North Oil Company (NOC),done,north-oil-company.png,North Oil Company,"North Oil Company, Qatar (Al-Shaheen field operator)",official-site,https://www.noc.qa/-/media/NOC/Images/Home/noc-logo-color.ashx?iar=0&hash=A54991B51CDF75F57A9ECA314E20C0DC,True,False,"Enlarged from the 236x157 bilingual header logo. The logo on the North_Oil_Company Wikipedia page belongs to Iraq's North Oil Company, a different body, so I did not use it."
OPTS,done,opts.png,OPTS,"Oil Producers Trade Section (OPTS) of the Lagos Chamber of Commerce and Industry, Nigeria",official-site,https://opts-ng.com/wp-content/uploads/2024/05/optslogo-1.png,True,False,"Enlarged about 4.4x from a 182x39 original, so the edges are slightly soft but it is legible."
Octal,failed,,Octal,"Octal (PET resin maker), Oman, now part of Alpek Polyester",,,False,False,"Octal has no Wikipedia or Commons logo, and octal.com redirects to alpekpolyester.com, which shows only the Alpek Polyester logo. The parent mark is available at https://www.alpekpolyester.com/wp-content/uploads/2023/04/alpek-polyester.svg if Will wants it."
Oikocredit International,done,oikocredit.png,Oikocredit,"Oikocredit International (Oikocredit Ecumenical Development Cooperative Society U.A.), Netherlands",official-site,https://www.oikocredit.org/wp-content/uploads/2024/08/Oikocredit.svg,False,False,"The only current logo on Commons has a German tagline, so I did not use it. The site SVG downloaded directly; it is the current mark with no tagline."
Olympic Delivery Authority (ODA),done,olympic-delivery-authority.png,Olympic Delivery Authority,"Olympic Delivery Authority, United Kingdom (closed 2014)",wikimedia,https://upload.wikimedia.org/wikipedia/en/5/54/Olympic_Delivery_Authority.png,True,False,"Enlarged about 5.4x from the 133x148 original (Royal Arms, pink rule and name). It is legible, but the crest detail is soft."
Oman Airports,done,oman-airports.png,Oman Airports,"Oman Airports Management Company, Oman",official-site,https://www.omanairports.co.om/frontend/web/images/store/store-1582175835-store-1535346912-omanairports_logo_dual_rgb.png,True,False,Enlarged from the 230x67 bilingual header logo; the text stays in both Arabic and English.
APSR,failed,,APSR,"Authority for Public Services Regulation (APSR), Oman",,,False,False,"There is no Wikipedia or Commons logo. apsr.om is a StemExe/meetexe app that loads its logo from an authenticated platform API; the only site icon (stemexe-fav.png) is the platform vendor's default triangle, not APSR's mark."
Oman be'ah,done,beah.png,be'ah,"Oman Environmental Services Holding Company (be'ah), Oman",official-site,https://beah.om/documents/d/guest/colored-logo-png?download=true,True,False,"I enlarged the 223x183 full-colour bilingual logo rather than using the larger white-only files, because a colour version exists."
Oman Information Technology Authority,failed,,Information Technology Authority,"Information Technology Authority (ITA), Oman (merged into the Ministry of Transport, Communications and Information Technology)",,,False,False,"The last ITA logo could not be found: ita.gov.om still does not connect, and there is no Wikipedia article or Commons file."
Oman LNG,done,oman-lng.png,Oman LNG,"Oman LNG L.L.C., Oman",official-site,https://www.omanlng.co.om/Style%20Library/assets/images/logo.png,True,True,"The site's bilingual lockup (296x224) exists only in white, so I built it on the site's brand blue #0089cf and enlarged it. The only colour file (on Wikipedia) is the bare symbol, which the spec rules out when a lockup exists."
Oman Public Authority for Electricity and Water,failed,,Public Authority for Electricity and Water,"Public Authority for Electricity and Water (PAEW), Oman (abolished)",,,False,False,"paew.gov.om does not connect, and there is no Wikipedia or Commons logo, so the last PAEW logo could not be found."
Oman Public Authority for Social Insurance,failed,,Public Authority for Social Insurance,"Public Authority for Social Insurance (PASI), Oman (merged into the Social Protection Fund)",,,False,False,"pasi.gov.om and spf.gov.om do not connect, and there is no Wikipedia or Commons logo."
Oman Telecommunications Regulatory Authority,done,oman-tra.png,Telecommunications Regulatory Authority,"Telecommunications Regulatory Authority (TRA), Oman",official-site,https://tra.gov.om/assets/images/tra-white.png,False,False,"Despite its file name, the 400x209 tra-white.png is the blue stacked bilingual lockup on transparency, so it was built on white and did not need enlarging. It leaves out the Sultanate of Oman emblem that tra-logo.png carries."
Omani Authority for Partnership and Development,failed,,Omani Authority for Partnership and Development,"Omani Authority for Partnership and Development, Oman (defunct)",,,False,False,"oapd.gov.om does not connect, and Wikipedia and Commons have no logo."
Open Society Initiative for West Africa (OSIWA),failed,,OSIWA,"Open Society Initiative for West Africa, Senegal",,,False,False,"The Wikipedia article has no logo and Commons has none. osiwa.org redirects to the Open Society Foundations Africa page, which shows only the OSF logo. The OSF logo is the option if Will treats it as the successor."
Overseas Development Institute,failed,,ODI,"ODI Global (formerly Overseas Development Institute), United Kingdom",,https://upload.wikimedia.org/wikipedia/commons/5/5c/ODI.svg,False,False,"The Commons file ODI.svg is only the old navy 'Overseas Development Institute' roundel, not the current ODI Global mark. odi.org blocks automated requests with Cloudflare, and its og:image is a brand graphic, not a clean logo. If Will accepts the old roundel, it can be built from the Commons file."
Pakistan National Electric Power Regulatory Authority,done,nepra.png,NEPRA,"National Electric Power Regulatory Authority, Pakistan",official-site,https://nepra.org.pk/assets/img/logo.png,True,False,"Enlarged from the 300x60 site lockup (emblem and name), which I preferred to the 250px emblem-only file on Wikipedia. The emblem is small within the lockup."
Road Transport and Safety Agency Zambia,done,rtsa-zambia.png,Road Transport and Safety Agency,"Road Transport and Safety Agency (RTSA), Zambia",official-site,http://www.rtsa.org.zm/wp-content/uploads/2019/09/RTSA-Logo_final-1-1.png,True,False,Enlarged from the uncropped original of the site icon (emblem about 243x258 after trimming).
Royal College of Surgeons in Ireland (RCSI),done,rcsi.png,RCSI University of Medicine and Health Sciences,"RCSI University of Medicine and Health Sciences (Royal College of Surgeons in Ireland), Ireland",official-site,https://www.rcsi.com/assets/images/logos/logo-uni.svg,True,False,The only colour lockup is a 350x218 raster embedded in the site's header SVG. I extracted it and enlarged it. Wikimedia only had an unrelated RCSI (Russian Center for Science Information) logo.
S-Chem,failed,,S-Chem,"Saudi Specialty Chemicals / S-Chem joint venture, Saudi Arabia",,,False,False,"There is no Commons file, and s-chem.com could not be reached from here on this run (every connection was dropped, even after repeated retries), so I could not get even the small 300px header logo."
SENAAT,done,senaat.png,SENAAT,"SENAAT General Holding Corporation, UAE",official-site,https://senaat.co/sites/all/themes/zeenat/logo.png,True,False,"This is SENAAT's own bilingual logo, not ADQ's. The source is only 367x73, so it was enlarged and is slightly soft. The senaat.co site looks old, so this is probably the last logo SENAAT used."
SEPLAT,failed,,Seplat Energy,"Seplat Energy Plc, Nigeria",,,False,False,"Commons has no logo. seplatenergy.com still returns a Cloudflare 403 to curl, including for its media files. A text fetch of the page got through but showed no logo file URL, because the header logo appears to be inline."
Sahara Group,done,sahara-group.png,Sahara Group,"Sahara Group, Nigeria",wikimedia,https://upload.wikimedia.org/wikipedia/commons/thumb/0/07/Sahara-group-logo.jpg/960px-Sahara-group-logo.jpg,False,False,"The original file still returned 429, so I used Wikimedia's 960px thumbnail. It is a JPG on white."
Sami Navantia Naval Industries,failed,,SAMI Navantia,"SAMI Navantia Naval Industries, Saudi Arabia",,,False,False,"Commons has no logo, and the proxy refuses the connection to saminavantia.com.sa (502 on CONNECT; saminavantia.com gives 403)."
Saudi Authority for the Care of Persons with Disabilities (APD),done,saudi-authority-for-persons-with-disabilities.png,Authority for the Care of Persons with Disabilities,"Authority for the Care of Persons with Disabilities (APD), Saudi Arabia",wikimedia,https://upload.wikimedia.org/wikipedia/commons/thumb/2/2b/APD_logo.svg/1280px-APD_logo.svg.png,False,False,I confirmed this is the Saudi APD from the Arabic name in the mark and the file's category (SVG logos of Saudi Arabia). The logo is bilingual.
Saudi Council of Economic and Development Affairs (CEDA),exists,saudi-arabia-emblem.png,Council of Economic and Development Affairs,"Council of Economic and Development Affairs (CEDA), Saudi Arabia",,,False,False,"CEDA has no website of its own (ceda.gov.sa does not resolve) and I found no mark of its own on Commons or in searches, so the government coat-of-arms rule applies and the existing Saudi emblem is used."
Saudi General Authority for Competition (GAC),done,saudi-general-authority-for-competition.png,General Authority for Competition,"General Authority for Competition (GAC), Saudi Arabia",wikimedia,https://upload.wikimedia.org/wikipedia/commons/thumb/9/91/General_Authority_of_Competition_Logo.svg/1280px-General_Authority_of_Competition_Logo.svg.png,False,False,"The original SVG still returned 429, so I used Wikimedia's 1280px PNG render of it. The logo is bilingual."
Saudi Ports Development Company,exists,king-abdullah-port.png,King Abdullah Port,"Ports Development Company (PDC), Saudi Arabia, the developer, owner and operator of King Abdullah Port",,https://www.kingabdullahport.com.sa/ports-development-company/,False,False,"PDC presents itself under the King Abdullah Port brand and has no logo of its own. king-abdullah-port.png is already in out/logos from another batch, so I reused it. Please confirm the client was PDC and not Mawani (the Saudi Ports Authority, a separate body)."
Saudi Technology Development and Investment Company (TAQNIA),done,taqnia.png,TAQNIA,"Saudi Technology Development and Investment Company (TAQNIA), Saudi Arabia",official-site,https://storage.googleapis.com/production-domaincom-v1-0-7/157/1736157/F9S29ZOh/695b56cb5d484d51904abe6835b844a7,False,False,"The logo is the header image on taqnia.com, which is now a minimal holding page (Riyadh address, copyright 2025 Taqnia). The file is 600x266 and bilingual."
Saudi Tourism Development Fund (TDF),done,saudi-tourism-development-fund.png,Tourism Development Fund,"Tourism Development Fund (TDF), Saudi Arabia",official-site,https://ndf.gov.sa/assets/funds-logos/TDF%20logo.svg,False,False,"tdf.gov.sa is unreachable from here, so the SVG comes from TDF's page on the website of its parent, the National Development Fund (ndf.gov.sa). The logo is bilingual."
Serbia Anti-Corruption Agency,failed,,Agency for the Prevention of Corruption,"Agency for the Prevention of Corruption (ACAS), Serbia",,,False,False,"acas.rs drops every connection from here, and a text fetch returned no image URLs. Commons searches in English and Serbian Cyrillic found no logo."
Seychelles Civil Aviation Authority (SCAA),failed,,Seychelles Civil Aviation Authority,"Seychelles Civil Aviation Authority (SCAA), Seychelles",,,False,False,"The logo is at https://www.scaa.sc/images/scaa-logo-blue.png, but the site returns a SiteGround captcha challenge for every file, including that image, and Commons has no logo."
Shams Power Company,failed,,Shams Power Company,"Shams Power Company PJSC, UAE (Masdar solar joint venture)",,,False,False,"The proxy refuses the connection to shamspower.ae, and Commons has only a photo of the plant. If Will prefers the parent's logo, masdar.png is already in the library."
Sharjah Investment and Development Authority (Shurooq),done,shurooq.png,Shurooq,"Sharjah Investment and Development Authority (Shurooq), UAE",official-site,https://cms.shurooq.gov.ae/uploads/Shurooq_Logo_675ede0e4d.jpeg,False,False,"The main site is behind a Sucuri JavaScript challenge, but its content server (cms.shurooq.gov.ae) serves the official 1500px bilingual logo, which the homepage references."
Sierra Leone National Revenue Authority,failed,,National Revenue Authority,"National Revenue Authority, Sierra Leone",,,False,False,"nra.gov.sl dropped every connection on this run, even after repeated retries with long timeouts, so I could not get the 228px logo even with enlarging now allowed. Commons has no logo."
Sohar Port and Freezone,done,sohar-port-and-freezone.png,SOHAR Port and Freezone,"SOHAR Port and Freezone (Sohar Industrial Port Company), Oman",official-site,https://soharportandfreezone.om/wp-content/uploads/2024/12/sohar-logo.png,True,False,"The only colour version is the 147x27 header logo, enlarged about 5x, so it is soft but legible. The site also has a sharper 761px version, but it is white, so I did not use it."
Solidaridad,done,solidaridad.png,Solidaridad,"Solidaridad Network, Netherlands",official-site,https://www.solidaridadnetwork.org/wp-content/uploads/2021/04/Logo-full-colour-_Solidaridad.png,False,False,"I found a full-colour 6836px version in the site's media library, so no white logo or enlarging was needed."
Soros Foundation-Kazakhstan,failed,,Soros Foundation-Kazakhstan,"Soros Foundation-Kazakhstan, Kazakhstan",,,False,False,"The soros.kz TLS certificate is still expired, so the site cannot be fetched safely, and Commons has no logo."
Takaful Emarat,done,takaful-emarat.png,Takaful Emarat,"Takaful Emarat Insurance PSC, UAE",official-site,https://takafulemarat.com/wp-content/uploads/2025/08/Takaful-Emarat-logo.png,True,False,"This is the current purple wordmark from the site header. The source is only 180x73, so it was enlarged and is slightly soft."
Takamol Holding,done,takamol-holding.png,Takamol,"Takamol Holding, Saudi Arabia",official-site,https://api.takamolholding.com/uploads/takamol_logo_047255c86f.svg,False,True,"The only logo is a white bilingual SVG, which is also the site's og:image. It is placed on the site's primary brand colour, #5a5cff (--brand in the site CSS)."
Tasnee,failed,,Tasnee,"National Industrialization Company (Tasnee), Saudi Arabia",,,False,False,"tasnee.com drops every connection from here, and a text fetch failed on its TLS certificate. Commons has only an unrelated photo (TASNEE 001.jpg)."
Tatweer Education Holding Company,done,tatweer-education-holding.png,Tatweer Education Holding,"Tatweer Education Holding Company, Saudi Arabia",official-site,https://s3.tatweertransit.com/uploads/tatweer_logo.png,False,True,This is the header image in www.tatweer.sa's own code: a white Tatweer lockup on a navy tab with subsidiary logos below. I took only the white bilingual lockup (no subsidiaries) and placed it on the same navy (#19355c).
Tawal,failed,,Tawal,"Tawal (Telecommunication Towers Company), Saudi Arabia",,,False,False,"tawal.com.sa drops every connection from here, and a text fetch failed on its TLS certificate. Commons has no Tawal logo."
Tawazun,done,tawazun-council.png,Tawazun Council,"Tawazun Council for Defence Enablement, UAE",official-site,https://www.tawazun.gov.ae/wp-content/uploads/2025/05/tc_logo2025_colored.png,False,False,"I found a full-colour 2025 version in the site's media library, so the white header logo was not needed. The lockup includes the UAE emblem, as the official mark does."
Tawuniya,done,tawuniya.png,Tawuniya,"The Company for Cooperative Insurance (Tawuniya), Saudi Arabia",wikimedia,https://upload.wikimedia.org/wikipedia/ar/b/be/%D8%B4%D8%B9%D8%A7%D8%B1_%D8%A7%D9%84%D8%AA%D8%B9%D8%A7%D9%88%D9%86%D9%8A%D8%A9_%D9%84%D9%84%D8%AA%D8%A3%D9%85%D9%8A%D9%86_2023.svg,False,False,The 2023 bilingual SVG logo came from the Arabic Wikipedia article. The official site still returns 403.
Tema Oil Refinery (TOR),done,tema-oil-refinery.png,Tema Oil Refinery,"Tema Oil Refinery (TOR), Ghana",official-site,https://torghana.gov.gh/wp-content/uploads/2023/12/tor12221-removebg-preview.png,True,False,"The official site has moved to torghana.gov.gh. The only logo file there is 166px, so it was enlarged about five times and is soft at full size."
The Bank of Sierra Leone,done,bank-of-sierra-leone.png,Bank of Sierra Leone,"Bank of Sierra Leone (central bank), Sierra Leone",wikimedia,https://upload.wikimedia.org/wikipedia/en/3/3a/BANK_OF_SIERRA_LEONE_LOGO.png,True,False,The complete 316px seal from Wikipedia was enlarged to 800px.
The Benefit Company,failed,,Benefit,"The Benefit Company (BENEFIT), Bahrain",,,False,False,"The only Wikipedia logo is 62x73px, which is too small to enlarge legibly. The Commons and Arabic Wikipedia pages have no logo, and benefit.bh and benefitpay.bh are still blocked by Cloudflare (403)."
The Climate Group,done,climate-group.png,Climate Group,"Climate Group (formerly The Climate Group), United Kingdom",official-site,https://www.theclimategroup.org/hubfs/The%20Climate%20Group/the-climate-group-logo.jpg,True,True,"The full lockup only exists as a 254x38 white-on-black JPG, so it was enlarged about three times and placed on black, as it appears in the site header. Commons only has the bare degree-C symbol."
The Duke of Edinburgh's International Award Foundation,done,duke-of-edinburghs-international-award.png,The Duke of Edinburgh's International Award,"The Duke of Edinburgh's International Award Foundation, United Kingdom",official-site,https://intaward.org/wp-content/uploads/2019/10/dofeworldready-rev.png,False,False,"This is the dark-grey version (753px) of the current site-header lockup. It includes the #WorldReady campaign tag beside the logo, as the header does, which makes the Award logo small in the tile. The only colour logo file is cropped."
The Executive Office of HH Sheikh Mohammed (TEO),failed,,The Executive Office,"The Executive Office of His Highness Sheikh Mohammed bin Rashid Al Maktoum, Dubai, UAE",,,False,False,"English and Arabic Wikipedia and Commons have no logo, and theexecutiveoffice.gov.ae still cannot be reached from here (the connection fails)."
The Fishmongers' Company,done,fishmongers-company.png,The Fishmongers' Company,"The Worshipful Company of Fishmongers, United Kingdom",official-site,https://fishmongers.org.uk/wp-content/uploads/2019/08/TFC_Logo.svg,False,True,"This is the official SVG, with gold dolphins and white lettering. It is placed on the site header navy (#002169), taken from the site CSS."
Tullow Oil,done,tullow-oil.png,Tullow Oil,"Tullow Oil plc, United Kingdom (covers Tullow Ghana and Tullow Group Services)",official-site,https://www.tullowoil.com/media/jr3gnvb3/logo-white.svg,False,True,"The current TULLOW wordmark only exists in white. It is placed on the header navy (#182f54, --color-primary in the site CSS)."
UAE Federal Authority for Nuclear Regulation (FANR),done,fanr.png,FANR,"Federal Authority for Nuclear Regulation (FANR), UAE",official-site,https://www.fanr.gov.ae/Style%20Library/FANR/images/FANR-logo.png,True,False,The bilingual header logo is 340px wide and was enlarged to 800px.
UAE Jiu Jitsu Federation,done,uae-jiu-jitsu-federation.png,UAE Jiu-Jitsu Federation,"UAE Jiu-Jitsu Federation (UAEJJF), UAE",wikimedia,https://upload.wikimedia.org/wikipedia/commons/thumb/f/f4/%D8%A7%D8%AA%D8%AD%D8%A7%D8%AF_%D8%A7%D9%84%D8%A5%D9%85%D8%A7%D8%B1%D8%A7%D8%AA_%D9%84%D9%84%D8%AC%D9%88%D8%AC%D9%8A%D8%AA%D8%B3%D9%88.png/960px-%D8%A7%D8%AA%D8%AD%D8%A7%D8%AF_%D8%A7%D9%84%D8%A5%D9%85%D8%A7%D8%B1%D8%A7%D8%AA_%D9%84%D9%84%D8%AC%D9%88%D8%AC%D9%8A%D8%AA%D8%B3%D9%88.png,False,False,"This is the bilingual falcon roundel from Commons (File:اتحاد الإمارات للجوجيتسو.png), using the 960px thumbnail. uaejjf.org is now a parked domain."
UAE Regulation and Supervision Bureau,failed,,Regulation and Supervision Bureau,"Regulation and Supervision Bureau (RSB), Abu Dhabi, UAE (since merged)",,,False,False,"English and Arabic Wikipedia and Commons have no logo, and rsb.gov.ae still cannot be reached from here."
Uganda Cancer Institute,done,uganda-cancer-institute.png,Uganda Cancer Institute,"Uganda Cancer Institute, Uganda",official-site,https://uci.or.ug/media/uploads/2026/08/uci-logo-stacked_Q2p51xV.png,True,False,This is the stacked logo from the site settings API. It is 333x150px and was enlarged to 800px.
Uganda National Council for Science and Technology (UNCST),done,uncst.png,UNCST,"Uganda National Council for Science and Technology (UNCST), Uganda",official-site,https://www.uncst.go.ug/files/images/UNCST%20Logo.JPG,True,False,"The 166x173 JPG was enlarged about five times and is soft. A vector on nru.uncst.go.ug is a rough auto-trace shared with the RENU logo, so it was not used."
Uganda National Planning Authority,failed,,National Planning Authority,"National Planning Authority (NPA), Uganda",,,False,False,"Wikipedia and Commons have no logo, and npa.go.ug still returns 403 with both user agents (and sometimes fails to connect at all)."
Uganda National Roads Authority,failed,,Uganda National Roads Authority,"Uganda National Roads Authority (UNRA), Uganda (dissolved 2024 to 2025 and merged into the Ministry of Works and Transport)",,,False,False,"Wikipedia and Commons have no UNRA logo, and unra.go.ug still resets the connection or returns 503, so the last logo could not be fetched."
University of Ilorin,done,university-of-ilorin.png,University of Ilorin,"University of Ilorin, Nigeria",official-site,https://www.unilorin.edu.ng/wp-content/uploads/2025/12/cropped-Unilorin_Logo.png,False,False,"This is the 512px crest from the site icon. It trims to 400x478, so it did not need enlarging."
University of New England,done,university-of-new-england.png,University of New England,"University of New England, Maine, USA (confirmed by Will)",wikimedia,https://upload.wikimedia.org/wikipedia/commons/5/57/University_of_New_England%2C_Maine_logo.png,False,False,"This is the full UNE lockup with the tagline, 623px wide."
Space42,failed,,Space42,"Space42 PLC, UAE (successor to Yahsat)",,,False,False,Wikipedia (English and Arabic) and Commons have no Space42 logo. space42.ai and its Logo.svg are still behind a Cloudflare challenge (403) for every user agent tried.
Yas Marina Circuit,done,yas-marina-circuit.png,Yas Marina Circuit,"Yas Marina Circuit, Abu Dhabi, UAE",official-site,https://www.yasmarinacircuit.com/documents/2642013/2663360/YMC_logo.svg/e35c1312-677b-353b-6a99-063ad44b5c3f,False,True,"The bilingual wordmark only exists in white. It is placed on the site background colour (#0c0c0e, --ymc-bg in the site CSS)."
Yemen LNG Company,done,yemen-lng.png,Yemen LNG,"Yemen LNG Company, Yemen",wikimedia,https://upload.wikimedia.org/wikipedia/en/9/99/YLNG_LOGO_small.jpg,True,False,The bilingual roundel is 312x318px and was enlarged to 800px. It is JPEG-soft.
Zambia Airports,done,zambia-airports.png,Zambia Airports,"Zambia Airports Corporation Limited, Zambia",official-site,https://www.zacl.co.zm/application/files/9916/5960/6873/newlogo.jpeg,True,False,"This is the full-colour logo (384x285) from the contact pages, enlarged to 800px. The header versions are tiny and white."
Zamil Industrial,done,senaat-saudi-arabia.png,SENAAT,"Advanced Building Industries Co. (SENAAT), formerly Zamil Industrial Investment Co., Saudi Arabia",official-site,https://senaat.com/assets/ColoredLogoIcon-Dy6dpt1F.js,False,False,"Zamil Industrial rebranded as SENAAT in October 2025. This is the colour English SENAAT wordmark, taken from the SVG embedded in the site's ColoredLogoIcon script. It is named senaat-saudi-arabia because the existing out/logos/senaat.png is a different company (Abu Dhabi's SENAAT General Holding Corporation). Will should confirm that the new name should replace the old Zamil mark."
